topic_id,type,stem,is_active,explanation_eli5,explanation_points_by_option,explanation_l2,options,correct_answer,difficulty,created_at,updated_at
3aaee246-c4e2-460b-ac13-ff42475b6133,single_best_answer,"A 30-year-old woman is 30 weeks pregnant. She is RhD-negative and previously delivered an RhD-positive baby abroad, after which she did not receive anti-D immunoglobulin. Her current antibody screen shows a rising anti-D titre. Ultrasound shows fetal ascites and skin oedema, and fetal middle cerebral artery peak systolic velocity is increased. What is the most likely diagnosis?",true,"The mother has made antibodies against RhD-positive fetal red cells. These antibodies cross the placenta and destroy fetal red blood cells, causing anaemia and swelling of the fetus.","{""A"": """", ""B"": ""The mother is RhD-negative, has a history of a previous RhD-positive pregnancy without anti-D prophylaxis, and now has rising anti-D antibodies. Raised fetal middle cerebral artery velocity suggests fetal anaemia, and hydrops features support severe haemolytic disease of the fetus. ABO incompatibility typically causes neonatal jaundice rather than severe antenatal hydrops. Parvovirus B19 can cause fetal anaemia but the anti-D history is the key discriminator. Twin-to-twin transfusion requires a monochorionic twin pregnancy. Alpha-thalassaemia major can cause hydrops but is not suggested by the maternal antibody findings."", ""C"": """", ""D"": """", ""E"": """"}","Correct answer: B - Fetal anaemia due to RhD alloimmunisation

The mother is RhD-negative, has a history of a previous RhD-positive pregnancy without anti-D prophylaxis, and now has rising anti-D antibodies. Raised fetal middle cerebral artery velocity suggests fetal anaemia, and hydrops features support severe haemolytic disease of the fetus. ABO incompatibility typically causes neonatal jaundice rather than severe antenatal hydrops. Parvovirus B19 can cause fetal anaemia but the anti-D history is the key discriminator. Twin-to-twin transfusion requires a monochorionic twin pregnancy. Alpha-thalassaemia major can cause hydrops but is not suggested by the maternal antibody findings.

Clinical context: In UK antenatal care, blood group and antibody screening are performed at booking and again later in pregnancy to identify clinically significant red cell antibodies.

Guideline anchor: NICE antenatal care and British Society for Haematology principles on red cell antibodies in pregnancy

Exam tip: Raised fetal MCA velocity in an alloimmunised pregnancy points to fetal anaemia.","[{""label"": ""A"", ""text"": ""ABO incompatibility causing neonatal jaundice""}, {""label"": ""B"", ""text"": ""Fetal anaemia due to RhD alloimmunisation""}, {""label"": ""C"", ""text"": ""Fetal anaemia due to parvovirus B19 infection""}, {""label"": ""D"", ""text"": ""Twin-to-twin transfusion syndrome""}, {""label"": ""E"", ""text"": ""Alpha-thalassaemia major""}]",B,medium,2026-05-11T19:39:12.073399+00:00,2026-05-11T19:39:12.073399+00:00
91237ed3-e1c4-4e8f-a4c6-59a3a0c7ee6e,single_best_answer,"A 42-year-old man has progressive involuntary jerking movements, irritability and difficulty planning tasks. His father developed similar symptoms in his 40s. Neurological examination shows choreiform movements. Which investigation is most likely to confirm the diagnosis?",true,Huntington's disease is caused by a specific repeated DNA sequence in the HTT gene. A blood genetic test can confirm it.,"{""A"": """", ""B"": """", ""C"": """", ""D"": ""The combination of chorea, cognitive and psychiatric features, autosomal dominant family history and onset in mid-adulthood is typical of Huntington's disease. Diagnosis is confirmed by genetic testing for an expanded CAG repeat in the HTT gene, with appropriate counselling and consent. MRI may show caudate atrophy but is not definitive. Caeruloplasmin is used in suspected Wilson's disease. EEG and CSF oligoclonal bands do not confirm Huntington's disease."", ""E"": """"}","Correct answer: D - Genetic testing for a CAG repeat expansion in the HTT gene

The combination of chorea, cognitive and psychiatric features, autosomal dominant family history and onset in mid-adulthood is typical of Huntington's disease. Diagnosis is confirmed by genetic testing for an expanded CAG repeat in the HTT gene, with appropriate counselling and consent. MRI may show caudate atrophy but is not definitive. Caeruloplasmin is used in suspected Wilson's disease. EEG and CSF oligoclonal bands do not confirm Huntington's disease.

Clinical context: In UK practice, diagnostic and predictive testing for Huntington's disease should involve genetic counselling because results have implications for the patient and relatives.

Guideline anchor: standard UK clinical genetics practice

Exam tip: Chorea plus autosomal dominant family history: confirm with HTT CAG repeat testing.","[{""label"": ""A"", ""text"": ""Electroencephalography""}, {""label"": ""B"", ""text"": ""MRI brain looking for caudate atrophy""}, {""label"": ""C"", ""text"": ""Serum caeruloplasmin concentration""}, {""label"": ""D"", ""text"": ""Genetic testing for a CAG repeat expansion in the HTT gene""}, {""label"": ""E"", ""text"": ""Lumbar puncture for cerebrospinal fluid oligoclonal bands""}]",D,medium,2026-05-11T19:39:12.073446+00:00,2026-05-11T19:39:12.073446+00:00
4425d1cc-b7a9-469a-8b27-4b11a0eecf81,single_best_answer,A 20-month-old boy is brought to the emergency department after a seizure during a febrile illness. He had left arm and left facial jerking for 7 minutes and was drowsy afterwards. His temperature is 39.1°C. He is now alert with no neck stiffness and no persistent neurological deficit. What is the most likely diagnosis?,true,"A fever-related seizure is called complex if it is one-sided, lasts more than 15 minutes, or happens more than once in the same illness.","{""A"": """", ""B"": """", ""C"": """", ""D"": ""A febrile convulsion occurs in a child aged 6 months to 5 years with fever and no evidence of CNS infection. This seizure was focal, involving the left arm and face, so it is classified as complex even though it lasted less than 15 minutes. A simple febrile convulsion is generalised, lasts less than 15 minutes and does not recur within 24 hours. Absence seizures are brief episodes of impaired awareness without fever or prolonged postictal drowsiness. Rigors are shaking without loss of consciousness or epileptic features. Breath-holding attacks are typically triggered by crying or distress."", ""E"": """"}","Correct answer: D - Complex febrile convulsion

A febrile convulsion occurs in a child aged 6 months to 5 years with fever and no evidence of CNS infection. This seizure was focal, involving the left arm and face, so it is classified as complex even though it lasted less than 15 minutes. A simple febrile convulsion is generalised, lasts less than 15 minutes and does not recur within 24 hours. Absence seizures are brief episodes of impaired awareness without fever or prolonged postictal drowsiness. Rigors are shaking without loss of consciousness or epileptic features. Breath-holding attacks are typically triggered by crying or distress.

Clinical context: Febrile convulsions are common in young children; assessment focuses on identifying the source of fever and excluding meningitis or encephalitis.

Guideline anchor: NICE guidance on fever in under 5s and standard UK paediatric practice

Exam tip: Focal, prolonged or recurrent febrile seizure equals complex febrile convulsion.","[{""label"": ""A"", ""text"": ""Simple febrile convulsion""}, {""label"": ""B"", ""text"": ""Absence seizure""}, {""label"": ""C"", ""text"": ""Rigors due to bacterial infection""}, {""label"": ""D"", ""text"": ""Complex febrile convulsion""}, {""label"": ""E"", ""text"": ""Breath-holding attack""}]",D,medium,2026-05-11T19:39:12.073467+00:00,2026-05-11T19:39:12.073467+00:00
6f92e913-1f03-41ae-8a49-fecad5df5d4b,single_best_answer,A 76-year-old man with atrial fibrillation presents with sudden severe central abdominal pain. The pain is much worse than the abdominal tenderness on examination. He has not opened his bowels since the pain started. Lactate is 5.1 mmol/L (0.5–2.2) and white cell count is 18.4 × 10^9/L (4.0–11.0). He is haemodynamically stable and has no peritonism. Which investigation is most likely to confirm the diagnosis?,true,The bowel may be losing its blood supply. A contrast CT timed to show the blood vessels is the best test when the patient is stable enough for imaging.,"{""A"": """", ""B"": """", ""C"": """", ""D"": """", ""E"": ""Sudden severe pain out of proportion to examination findings in a patient with atrial fibrillation and raised lactate is highly suggestive of acute mesenteric ischaemia. In a stable patient without peritonitis, CT angiography with intravenous contrast is the investigation most likely to confirm the diagnosis and identify arterial or venous occlusion. Flexible sigmoidoscopy is more useful for distal colitis and is not adequate for acute mesenteric ischaemia. Doppler ultrasound is operator-dependent and less reliable acutely. Plain radiographs are insensitive. Non-contrast CT may miss vascular occlusion and bowel enhancement abnormalities.""}","Correct answer: E - CT angiography of the abdomen and pelvis with intravenous contrast

Sudden severe pain out of proportion to examination findings in a patient with atrial fibrillation and raised lactate is highly suggestive of acute mesenteric ischaemia. In a stable patient without peritonitis, CT angiography with intravenous contrast is the investigation most likely to confirm the diagnosis and identify arterial or venous occlusion. Flexible sigmoidoscopy is more useful for distal colitis and is not adequate for acute mesenteric ischaemia. Doppler ultrasound is operator-dependent and less reliable acutely. Plain radiographs are insensitive. Non-contrast CT may miss vascular occlusion and bowel enhancement abnormalities.

Clinical context: Acute mesenteric ischaemia is a surgical and radiological emergency; early CT angiography helps guide revascularisation or operative management.

Guideline anchor: standard UK emergency surgical and radiology practice

Exam tip: Pain out of proportion plus AF: think embolic mesenteric ischaemia and request CT angiography.","[{""label"": ""A"", ""text"": ""Flexible sigmoidoscopy""}, {""label"": ""B"", ""text"": ""Abdominal ultrasound with Doppler""}, {""label"": ""C"", ""text"": ""Plain abdominal radiograph""}, {""label"": ""D"", ""text"": ""Non-contrast CT abdomen and pelvis""}, {""label"": ""E"", ""text"": ""CT angiography of the abdomen and pelvis with intravenous contrast""}]",E,hard,2026-05-11T19:39:12.073484+00:00,2026-05-11T19:39:12.073484+00:00
5a311d46-b1da-464c-9b33-71764a291d98,single_best_answer,"A 32-year-old woman sees her GP with 5 months of disabling fatigue, post-exertional worsening, unrefreshing sleep and difficulty concentrating. She has reduced her working hours. Examination is normal. Which initial investigation approach is most appropriate before making a diagnosis of ME/CFS?",true,ME/CFS cannot be confirmed by one test. Basic blood tests help make sure a common medical problem is not causing the fatigue.,"{""A"": ""ME/CFS is a clinical diagnosis supported by typical symptoms and exclusion of other causes. NICE recommends considering baseline tests such as FBC, U&Es, LFTs, thyroid function, ESR or plasma viscosity, CRP, calcium/phosphate, HbA1c, ferritin, coeliac screening, CK and urinalysis as clinically appropriate. MRI, polysomnography and viral serology are not routine unless suggested by specific features. It is inappropriate to make the diagnosis without considering common alternative causes such as anaemia, thyroid disease, diabetes, inflammatory disease and coeliac disease."", ""B"": """", ""C"": """", ""D"": """", ""E"": """"}","Correct answer: A - Screening blood tests including full blood count, urea and electrolytes, liver function tests, thyroid function, inflammatory markers, ferritin, coeliac screen and HbA1c

ME/CFS is a clinical diagnosis supported by typical symptoms and exclusion of other causes. NICE recommends considering baseline tests such as FBC, U&Es, LFTs, thyroid function, ESR or plasma viscosity, CRP, calcium/phosphate, HbA1c, ferritin, coeliac screening, CK and urinalysis as clinically appropriate. MRI, polysomnography and viral serology are not routine unless suggested by specific features. It is inappropriate to make the diagnosis without considering common alternative causes such as anaemia, thyroid disease, diabetes, inflammatory disease and coeliac disease.

Clinical context: In primary care, patients with persistent fatigue should be assessed for ME/CFS features while also checking for common treatable conditions.

Guideline anchor: NICE guideline on myalgic encephalomyelitis/chronic fatigue syndrome

Exam tip: ME/CFS is clinical, but first exclude common mimics with targeted baseline tests.","[{""label"": ""A"", ""text"": ""Screening blood tests including full blood count, urea and electrolytes, liver function tests, thyroid function, inflammatory markers, ferritin, coeliac screen and HbA1c""}, {""label"": ""B"", ""text"": ""MRI brain and whole spine""}, {""label"": ""C"", ""text"": ""Serology for Epstein-Barr virus and cytomegalovirus only""}, {""label"": ""D"", ""text"": ""Overnight polysomnography for all patients""}, {""label"": ""E"", ""text"": ""No investigations are needed if the symptoms are typical""}]",A,medium,2026-05-11T19:39:12.073499+00:00,2026-05-11T19:39:12.073499+00:00
bcb17ab9-ca74-4b0f-8b25-e4535d53fe3a,single_best_answer,"A 58-year-old woman has progressive exertional breathlessness and ankle swelling. Examination shows a raised JVP, loud pulmonary component of the second heart sound and peripheral oedema. Echocardiography suggests a high probability of pulmonary hypertension. Which investigation is required to confirm the diagnosis?",true,"An echo can suggest high pressure in the lung arteries, but a catheter test directly measures the pressure and confirms the diagnosis.","{""A"": ""Echocardiography estimates the probability of pulmonary hypertension, but confirmation requires right heart catheterisation to directly measure pulmonary artery pressures and haemodynamics. High-resolution CT and V/Q scanning may help identify causes such as interstitial lung disease or chronic thromboembolic disease. Cardiac MRI can assess right ventricular structure and function but does not replace haemodynamic confirmation. Peak flow monitoring is not relevant."", ""B"": """", ""C"": """", ""D"": """", ""E"": """"}","Correct answer: A - Right heart catheterisation

Echocardiography estimates the probability of pulmonary hypertension, but confirmation requires right heart catheterisation to directly measure pulmonary artery pressures and haemodynamics. High-resolution CT and V/Q scanning may help identify causes such as interstitial lung disease or chronic thromboembolic disease. Cardiac MRI can assess right ventricular structure and function but does not replace haemodynamic confirmation. Peak flow monitoring is not relevant.

Clinical context: Patients with suspected pulmonary hypertension are usually referred to a specialist pulmonary hypertension centre for confirmation and classification before disease-specific therapy.

Guideline anchor: NICE and UK specialist pulmonary hypertension service principles

Exam tip: Echo screens; right heart catheterisation confirms pulmonary hypertension.","[{""label"": ""A"", ""text"": ""Right heart catheterisation""}, {""label"": ""B"", ""text"": ""Peak expiratory flow monitoring""}, {""label"": ""C"", ""text"": ""High-resolution CT chest""}, {""label"": ""D"", ""text"": ""Cardiac MRI""}, {""label"": ""E"", ""text"": ""Ventilation-perfusion scan""}]",A,medium,2026-05-11T19:39:12.073514+00:00,2026-05-11T19:39:12.073514+00:00
830a1983-9ecb-4d48-b190-44fc306ec1d1,single_best_answer,"A 45-year-old man presents with a sudden severe occipital headache and vomiting. Non-contrast CT head shows acute subarachnoid haemorrhage. He is alert, has no focal neurological deficit and is in a district general hospital emergency department. What is the most appropriate next step in management?",true,Bleeding around the brain can rebleed and may be due to an aneurysm. The patient needs urgent specialist care to find and treat the source.,"{""A"": """", ""B"": """", ""C"": """", ""D"": """", ""E"": ""CT-confirmed subarachnoid haemorrhage requires urgent specialist discussion for vascular imaging, aneurysm securing and neurocritical care planning. Lumbar puncture is not needed when CT has already confirmed the diagnosis. Anticoagulation would increase bleeding risk. Observation or outpatient follow-up would be unsafe because of risks of rebleeding, hydrocephalus and vasospasm.""}","Correct answer: E - Urgently discuss with the regional neurosurgical or neurovascular centre for aneurysm assessment and definitive management

CT-confirmed subarachnoid haemorrhage requires urgent specialist discussion for vascular imaging, aneurysm securing and neurocritical care planning. Lumbar puncture is not needed when CT has already confirmed the diagnosis. Anticoagulation would increase bleeding risk. Observation or outpatient follow-up would be unsafe because of risks of rebleeding, hydrocephalus and vasospasm.

Clinical context: In UK practice, patients with confirmed spontaneous subarachnoid haemorrhage are managed via regional neurosurgical or neurovascular pathways.

Guideline anchor: NICE guidance on subarachnoid haemorrhage caused by a ruptured aneurysm

Exam tip: Once SAH is confirmed, do not do LP; urgently involve neurosurgery or the neurovascular centre.","[{""label"": ""A"", ""text"": ""Discharge with outpatient neurology follow-up if symptoms improve""}, {""label"": ""B"", ""text"": ""Start therapeutic low molecular weight heparin""}, {""label"": ""C"", ""text"": ""Perform lumbar puncture to confirm the CT finding""}, {""label"": ""D"", ""text"": ""Observe on the acute medical unit and repeat CT in 24 hours""}, {""label"": ""E"", ""text"": ""Urgently discuss with the regional neurosurgical or neurovascular centre for aneurysm assessment and definitive management""}]",E,medium,2026-05-11T19:39:12.073526+00:00,2026-05-11T19:39:12.073526+00:00
5fd2bcc3-7505-497d-b761-08cce2a42eaa,single_best_answer,"A 29-year-old man is found on the floor after lying immobile overnight following recreational drug use. He has painful swollen thighs and dark urine. Creatine kinase is 82,000 IU/L (<200), potassium is 7.1 mmol/L (3.5–5.0) and creatinine is 210 micromol/L (60–110). ECG shows broad QRS complexes and peaked T waves. What is the most appropriate immediate management?",true,"Muscle breakdown has released potassium into the blood. Because the ECG shows the heart is at risk, calcium must be given immediately to protect it.","{""A"": ""This patient has rhabdomyolysis with acute kidney injury and life-threatening hyperkalaemia causing ECG changes. The immediate priority is myocardial membrane stabilisation with intravenous calcium gluconate, followed by measures to shift and remove potassium and aggressive intravenous fluid resuscitation. IV fluids are essential in rhabdomyolysis but do not address the immediate arrhythmia risk. Furosemide is not first-line for forced diuresis and may worsen hypovolaemia. Routine urine alkalinisation is not the immediate priority. Outpatient monitoring would be unsafe."", ""B"": """", ""C"": """", ""D"": """", ""E"": """"}","Correct answer: A - Give intravenous calcium gluconate

This patient has rhabdomyolysis with acute kidney injury and life-threatening hyperkalaemia causing ECG changes. The immediate priority is myocardial membrane stabilisation with intravenous calcium gluconate, followed by measures to shift and remove potassium and aggressive intravenous fluid resuscitation. IV fluids are essential in rhabdomyolysis but do not address the immediate arrhythmia risk. Furosemide is not first-line for forced diuresis and may worsen hypovolaemia. Routine urine alkalinisation is not the immediate priority. Outpatient monitoring would be unsafe.

Clinical context: Rhabdomyolysis in emergency care is treated with early fluids, monitoring for compartment syndrome and urgent correction of dangerous electrolyte abnormalities.

Guideline anchor: Resus Council UK and standard UK emergency hyperkalaemia management principles

Exam tip: In rhabdomyolysis, ECG changes from hyperkalaemia make IV calcium the first immediate step.","[{""label"": ""A"", ""text"": ""Give intravenous calcium gluconate""}, {""label"": ""B"", ""text"": ""Start high-dose intravenous 0.9% sodium chloride only""}, {""label"": ""C"", ""text"": ""Give intravenous furosemide to force diuresis""}, {""label"": ""D"", ""text"": ""Start oral sodium bicarbonate for urine alkalinisation""}, {""label"": ""E"", ""text"": ""Arrange outpatient repeat creatine kinase measurement""}]",A,hard,2026-05-11T19:39:12.073540+00:00,2026-05-11T19:39:12.073540+00:00
8190a20a-d155-459a-9ac7-ace19038350d,single_best_answer,"A 34-year-old woman has had 4 weeks of daily fevers up to 39.5°C. She also has a sore throat, painful wrists and knees, and a faint salmon-pink rash that appears during fever spikes. Blood tests show haemoglobin 110 g/L (115–160), white cell count 18.6 × 10^9/L (4.0–11.0) with neutrophilia, CRP 145 mg/L (<5) and ferritin 15,000 micrograms/L (15–300). Blood cultures are negative, and ANA and rheumatoid factor are negative. What is the most likely diagnosis?",true,"This pattern of daily high fevers, joint pains, a salmon-coloured rash and extremely high ferritin is classic for adult-onset Still's disease.","{""A"": """", ""B"": """", ""C"": ""Adult-onset Still's disease is characterised by high spiking fevers, evanescent salmon-pink rash, sore throat, arthralgia or arthritis, neutrophilic leucocytosis and markedly raised ferritin. Negative ANA and rheumatoid factor support the diagnosis. SLE is less likely with neutrophilia and negative ANA. Endocarditis can cause prolonged fever but does not typically cause the salmon rash and extreme ferritin pattern, and cultures are negative. Hodgkin lymphoma can cause fever but the rash, sore throat and inflammatory pattern are more typical of Still's disease. Subacute thyroiditis would usually cause neck pain and thyrotoxic features."", ""D"": """", ""E"": """"}","Correct answer: C - Adult-onset Still's disease

Adult-onset Still's disease is characterised by high spiking fevers, evanescent salmon-pink rash, sore throat, arthralgia or arthritis, neutrophilic leucocytosis and markedly raised ferritin. Negative ANA and rheumatoid factor support the diagnosis. SLE is less likely with neutrophilia and negative ANA. Endocarditis can cause prolonged fever but does not typically cause the salmon rash and extreme ferritin pattern, and cultures are negative. Hodgkin lymphoma can cause fever but the rash, sore throat and inflammatory pattern are more typical of Still's disease. Subacute thyroiditis would usually cause neck pain and thyrotoxic features.

Clinical context: Pyrexia of unknown origin requires systematic assessment for infection, malignancy, inflammatory disease and drug-related causes.

Guideline anchor: standard UK clinical practice for pyrexia of unknown origin assessment

Exam tip: Very high ferritin plus quotidian fever and salmon-pink rash suggests adult-onset Still's disease.","[{""label"": ""A"", ""text"": ""Systemic lupus erythematosus""}, {""label"": ""B"", ""text"": ""Subacute bacterial endocarditis""}, {""label"": ""C"", ""text"": ""Adult-onset Still's disease""}, {""label"": ""D"", ""text"": ""Hodgkin lymphoma""}, {""label"": ""E"", ""text"": ""Subacute thyroiditis""}]",C,hard,2026-05-11T19:39:12.073552+00:00,2026-05-11T19:39:12.073552+00:00
c79d7377-852f-48e7-8e67-ddea18f9e123,single_best_answer,"A randomised trial in children with atopic eczema compares an enhanced emollient education programme with standard care. Over 6 months, 30 of 100 children in the intervention group have an eczema flare compared with 50 of 100 children in the standard care group. What is the number needed to treat to prevent one eczema flare over 6 months?",true,The programme prevents flares in 20 extra children out of every 100 treated. That means treating 5 children prevents 1 flare.,"{""A"": """", ""B"": ""The flare risk is 50% with standard care and 30% with the intervention. The absolute risk reduction is 20%, or 0.20. NNT is 1 divided by absolute risk reduction: 1/0.20 = 5. The other options result from using relative rather than absolute differences or incorrect arithmetic."", ""C"": """", ""D"": """", ""E"": """"}","Correct answer: B - 5

The flare risk is 50% with standard care and 30% with the intervention. The absolute risk reduction is 20%, or 0.20. NNT is 1 divided by absolute risk reduction: 1/0.20 = 5. The other options result from using relative rather than absolute differences or incorrect arithmetic.

Clinical context: Eczema treatments are often assessed by reductions in flares, symptom scores or need for topical corticosteroids; NNT helps interpret the clinical usefulness of an intervention.

Guideline anchor: standard UK clinical epidemiology principles

Exam tip: NNT = 1 / absolute risk reduction; use proportions, not percentages.","[{""label"": ""A"", ""text"": ""2""}, {""label"": ""B"", ""text"": ""5""}, {""label"": ""C"", ""text"": ""10""}, {""label"": ""D"", ""text"": ""20""}, {""label"": ""E"", ""text"": ""50""}]",B,medium,2026-05-11T19:39:12.073565+00:00,2026-05-11T19:39:12.073565+00:00
85cc75ff-8ac1-4c2f-887a-20df791d629e,single_best_answer,A 74-year-old woman presents with a 2-day history of a painful swollen right knee. She is afebrile. The knee is warm with a moderate effusion. X-ray shows chondrocalcinosis of the menisci. Joint aspiration shows rhomboid-shaped crystals with weak positive birefringence under polarised light. What is the most likely diagnosis?,true,Pseudogout often affects the knee in older people. The key clues are calcium deposits on X-ray and rhomboid crystals that are positively birefringent.,"{""A"": """", ""B"": ""The best answer is calcium pyrophosphate crystal arthritis, commonly called pseudogout. It classically affects older adults and often presents as an acute monoarthritis of the knee. Chondrocalcinosis and rhomboid-shaped weakly positively birefringent crystals are characteristic. Gout usually causes needle-shaped negatively birefringent monosodium urate crystals and commonly affects the first metatarsophalangeal joint. Septic arthritis must always be considered in an acute hot joint, but the crystal findings and absence of systemic features make CPPD the best diagnosis here. Reactive arthritis usually follows gastrointestinal or genitourinary infection and is typically an asymmetric oligoarthritis. Osteoarthritis flare would not explain crystal findings."", ""C"": """", ""D"": """", ""E"": """"}","Correct answer: B - Calcium pyrophosphate crystal arthritis

The best answer is calcium pyrophosphate crystal arthritis, commonly called pseudogout. It classically affects older adults and often presents as an acute monoarthritis of the knee. Chondrocalcinosis and rhomboid-shaped weakly positively birefringent crystals are characteristic. Gout usually causes needle-shaped negatively birefringent monosodium urate crystals and commonly affects the first metatarsophalangeal joint. Septic arthritis must always be considered in an acute hot joint, but the crystal findings and absence of systemic features make CPPD the best diagnosis here. Reactive arthritis usually follows gastrointestinal or genitourinary infection and is typically an asymmetric oligoarthritis. Osteoarthritis flare would not explain crystal findings.

Clinical context: In UK practice, acute monoarthritis should be assessed urgently, and joint aspiration is important to distinguish crystal arthritis from infection.

Guideline anchor: standard UK clinical practice

Exam tip: Needle-shaped negative crystals suggest gout; rhomboid positive crystals suggest CPPD.","[{""label"": ""A"", ""text"": ""Gout""}, {""label"": ""B"", ""text"": ""Calcium pyrophosphate crystal arthritis""}, {""label"": ""C"", ""text"": ""Septic arthritis""}, {""label"": ""D"", ""text"": ""Reactive arthritis""}, {""label"": ""E"", ""text"": ""Osteoarthritis flare""}]",B,medium,2026-05-11T19:39:12.073576+00:00,2026-05-11T19:39:12.073576+00:00
2a77f3c2-5293-4e29-aa9a-29f64f72257d,single_best_answer,"A 46-year-old man is reviewed for persistent hypertension despite amlodipine. His blood pressure is 168/96 mmHg. Blood tests show: sodium 144 mmol/L (133-146), potassium 2.8 mmol/L (3.5-5.3), bicarbonate 31 mmol/L (22-29), creatinine 82 micromol/L (60-110). He is not taking diuretics or laxatives. Which investigation is most appropriate to investigate the likely cause?",true,Low potassium plus high blood pressure suggests too much aldosterone. The screening test compares aldosterone with renin.,"{""A"": """", ""B"": """", ""C"": ""Hypokalaemia with hypertension and metabolic alkalosis in a patient not taking diuretics suggests mineralocorticoid excess, most commonly primary hyperaldosteronism. The appropriate screening investigation is the plasma aldosterone:renin ratio. A short Synacthen test investigates adrenal insufficiency, which more typically causes hyperkalaemia and hypotension. A 24-hour urinary free cortisol may be used when Cushing syndrome is suspected, but the stem does not describe typical features. Urinary catecholamines are used for suspected phaeochromocytoma, usually with episodic headache, sweating and palpitations. Serum magnesium may contribute to refractory hypokalaemia but would not explain hypertension with alkalosis as well as hyperaldosteronism."", ""D"": """", ""E"": """"}","Correct answer: C - Plasma aldosterone:renin ratio

Hypokalaemia with hypertension and metabolic alkalosis in a patient not taking diuretics suggests mineralocorticoid excess, most commonly primary hyperaldosteronism. The appropriate screening investigation is the plasma aldosterone:renin ratio. A short Synacthen test investigates adrenal insufficiency, which more typically causes hyperkalaemia and hypotension. A 24-hour urinary free cortisol may be used when Cushing syndrome is suspected, but the stem does not describe typical features. Urinary catecholamines are used for suspected phaeochromocytoma, usually with episodic headache, sweating and palpitations. Serum magnesium may contribute to refractory hypokalaemia but would not explain hypertension with alkalosis as well as hyperaldosteronism.

Clinical context: Primary hyperaldosteronism is an important potentially treatable cause of secondary hypertension in UK practice.

Guideline anchor: NICE hypertension guidance and standard UK endocrine practice

Exam tip: Think primary aldosteronism when hypertension is paired with unexplained hypokalaemia.","[{""label"": ""A"", ""text"": ""Short Synacthen test""}, {""label"": ""B"", ""text"": ""24-hour urinary free cortisol""}, {""label"": ""C"", ""text"": ""Plasma aldosterone:renin ratio""}, {""label"": ""D"", ""text"": ""Urinary catecholamines""}, {""label"": ""E"", ""text"": ""Serum magnesium""}]",C,medium,2026-05-11T19:39:12.073590+00:00,2026-05-11T19:39:12.073590+00:00
14ec1820-46d3-4a2d-8d60-68529321ab29,single_best_answer,"A 68-year-old woman with metastatic colorectal cancer is admitted with urosepsis. Despite intravenous antibiotics and fluids, she becomes increasingly drowsy and breathless over 36 hours. She is now oliguric and requires high-flow oxygen. Blood tests show: creatinine 248 micromol/L (45-84), bilirubin 62 micromol/L (<21), platelets 68 x 10^9/L (150-400), lactate 5.1 mmol/L (0.5-2.2). What is the most likely diagnosis?",true,"Severe infection can cause several organs to fail at the same time, such as kidneys, lungs, liver, brain and blood clotting systems.","{""A"": """", ""B"": """", ""C"": """", ""D"": ""This patient has dysfunction of multiple organ systems following sepsis: renal failure with oliguria and raised creatinine, respiratory failure requiring high-flow oxygen, hepatic dysfunction with raised bilirubin, haematological dysfunction with thrombocytopenia, neurological impairment and raised lactate indicating tissue hypoperfusion. This pattern is most consistent with multi-organ dysfunction syndrome. Hepatic encephalopathy would not explain the renal, respiratory and haematological abnormalities. Acute kidney injury alone is too narrow. Disseminated intravascular coagulation can occur in sepsis and may contribute to thrombocytopenia, but the clinical picture is broader than coagulation failure alone. Opioid toxicity causes reduced consciousness and respiratory depression but does not explain progressive organ failure and high lactate."", ""E"": """"}","Correct answer: D - Multi-organ dysfunction syndrome

This patient has dysfunction of multiple organ systems following sepsis: renal failure with oliguria and raised creatinine, respiratory failure requiring high-flow oxygen, hepatic dysfunction with raised bilirubin, haematological dysfunction with thrombocytopenia, neurological impairment and raised lactate indicating tissue hypoperfusion. This pattern is most consistent with multi-organ dysfunction syndrome. Hepatic encephalopathy would not explain the renal, respiratory and haematological abnormalities. Acute kidney injury alone is too narrow. Disseminated intravascular coagulation can occur in sepsis and may contribute to thrombocytopenia, but the clinical picture is broader than coagulation failure alone. Opioid toxicity causes reduced consciousness and respiratory depression but does not explain progressive organ failure and high lactate.

Clinical context: In palliative and acute hospital settings, recognising multi-organ dysfunction helps guide escalation discussions, treatment goals and communication with patients and families.

Guideline anchor: NICE sepsis guidance and standard UK palliative care principles

Exam tip: MODS is suggested by simultaneous deterioration in several organ systems after a major insult such as sepsis.","[{""label"": ""A"", ""text"": ""Hepatic encephalopathy""}, {""label"": ""B"", ""text"": ""Acute kidney injury alone""}, {""label"": ""C"", ""text"": ""Disseminated intravascular coagulation""}, {""label"": ""D"", ""text"": ""Multi-organ dysfunction syndrome""}, {""label"": ""E"", ""text"": ""Opioid toxicity""}]",D,hard,2026-05-11T19:39:12.073603+00:00,2026-05-11T19:39:12.073603+00:00
6f231c7e-79e2-460b-b74a-76813845d1a1,single_best_answer,"A 52-year-old man has recurrent heartburn and acid regurgitation, worse after large meals and when lying flat. He has no dysphagia, weight loss, vomiting or gastrointestinal bleeding. Endoscopy arranged privately shows a small sliding hiatus hernia with mild reflux oesophagitis. What is the most appropriate next step in management?",true,A sliding hiatus hernia often causes reflux. The usual first treatment is reflux lifestyle advice and a PPI such as omeprazole.,"{""A"": ""A small sliding hiatus hernia commonly causes gastro-oesophageal reflux symptoms. In the absence of alarm features, initial management is lifestyle advice, such as weight reduction if appropriate, avoiding late meals and elevating the head of the bed, plus a proton pump inhibitor trial. Urgent surgery is not first-line for uncomplicated symptoms. Metoclopramide is not recommended as long-term first-line treatment because of adverse effects. Oesophageal manometry is usually reserved for selected patients before anti-reflux surgery or when motility disorders are suspected. H. pylori eradication should not be given without appropriate testing and is not the main treatment for reflux due to hiatus hernia."", ""B"": """", ""C"": """", ""D"": """", ""E"": """"}","Correct answer: A - Lifestyle advice and a trial of proton pump inhibitor therapy

A small sliding hiatus hernia commonly causes gastro-oesophageal reflux symptoms. In the absence of alarm features, initial management is lifestyle advice, such as weight reduction if appropriate, avoiding late meals and elevating the head of the bed, plus a proton pump inhibitor trial. Urgent surgery is not first-line for uncomplicated symptoms. Metoclopramide is not recommended as long-term first-line treatment because of adverse effects. Oesophageal manometry is usually reserved for selected patients before anti-reflux surgery or when motility disorders are suspected. H. pylori eradication should not be given without appropriate testing and is not the main treatment for reflux due to hiatus hernia.

Clinical context: Most sliding hiatus hernias in UK practice are managed medically unless symptoms are refractory or complications occur.

Guideline anchor: NICE gastro-oesophageal reflux disease and dyspepsia guidance

Exam tip: Uncomplicated sliding hiatus hernia is usually treated like GORD first.","[{""label"": ""A"", ""text"": ""Lifestyle advice and a trial of proton pump inhibitor therapy""}, {""label"": ""B"", ""text"": ""Urgent surgical repair of the hiatus hernia""}, {""label"": ""C"", ""text"": ""Long-term metoclopramide as first-line treatment""}, {""label"": ""D"", ""text"": ""Immediate oesophageal manometry""}, {""label"": ""E"", ""text"": ""Eradication therapy for Helicobacter pylori without testing""}]",A,easy,2026-05-11T19:39:12.073618+00:00,2026-05-11T19:39:12.073618+00:00
ecf26244-87ce-4016-80ab-ecbd912e4085,single_best_answer,"A 63-year-old man is 4 days post emergency laparotomy for perforated diverticulitis. He has severe pain around the wound, worse than expected. The skin around the incision is rapidly spreading in erythema with dusky patches and crepitus. His temperature is 38.9°C, heart rate 124/min and blood pressure 88/54 mmHg. What is the most appropriate next step in management?",true,A rapidly worsening painful infected wound with shock and gas under the skin needs emergency surgery and IV antibiotics.,"{""A"": """", ""B"": """", ""C"": """", ""D"": """", ""E"": ""Severe pain out of proportion, rapidly spreading erythema, dusky skin, crepitus and septic shock after surgery are concerning for necrotising soft tissue infection involving the surgical site. The priority is urgent senior surgical involvement, resuscitation, broad-spectrum intravenous antibiotics and emergency debridement for source control. Removing clips and observing is unsafe. CT may help in uncertain stable cases, but imaging must not delay surgery in a shocked patient with clear clinical features. Oral antibiotics are inadequate. Negative pressure wound therapy may be used later after debridement and infection control, not as initial management.""}","Correct answer: E - Urgent surgical debridement with broad-spectrum intravenous antibiotics

Severe pain out of proportion, rapidly spreading erythema, dusky skin, crepitus and septic shock after surgery are concerning for necrotising soft tissue infection involving the surgical site. The priority is urgent senior surgical involvement, resuscitation, broad-spectrum intravenous antibiotics and emergency debridement for source control. Removing clips and observing is unsafe. CT may help in uncertain stable cases, but imaging must not delay surgery in a shocked patient with clear clinical features. Oral antibiotics are inadequate. Negative pressure wound therapy may be used later after debridement and infection control, not as initial management.

Clinical context: Postoperative necrotising infection is uncommon but time-critical; early operative source control is central to survival.

Guideline anchor: NICE sepsis guidance and standard UK surgical infection practice

Exam tip: Pain out of proportion plus systemic toxicity after surgery should make you think of necrotising infection.","[{""label"": ""A"", ""text"": ""Remove alternate skin clips and review the wound the next day""}, {""label"": ""B"", ""text"": ""Arrange urgent CT abdomen before starting treatment""}, {""label"": ""C"", ""text"": ""Start oral flucloxacillin and mark the erythema border""}, {""label"": ""D"", ""text"": ""Apply negative pressure wound therapy""}, {""label"": ""E"", ""text"": ""Urgent surgical debridement with broad-spectrum intravenous antibiotics""}]",E,hard,2026-05-11T19:39:12.073631+00:00,2026-05-11T19:39:12.073631+00:00
0c9aaca3-731f-481c-b239-2c059e0b5df8,single_best_answer,"A 49-year-old woman has gradually worsening hearing in her left ear over 18 months. She also describes persistent left-sided tinnitus and unsteadiness when walking in the dark. Otoscopy is normal. Weber test lateralises to the right, and Rinne test is positive bilaterally. Examination shows reduced corneal reflex on the left. What is the most likely diagnosis?",true,"A vestibular schwannoma is a benign tumour on the hearing and balance nerve. It causes one-sided hearing loss, tinnitus and balance problems, and can affect nearby nerves.","{""A"": """", ""B"": """", ""C"": ""Progressive unilateral sensorineural hearing loss, unilateral tinnitus and imbalance are typical of vestibular schwannoma. The reduced corneal reflex suggests trigeminal nerve involvement from a cerebellopontine angle lesion, supporting this diagnosis. Ménière disease causes episodic vertigo with fluctuating hearing loss, tinnitus and aural fullness rather than progressive cranial nerve signs. Otosclerosis causes conductive hearing loss, so Rinne would usually be negative on the affected side and Weber would lateralise to the affected ear. Benign paroxysmal positional vertigo causes brief positional vertigo without hearing loss. Cholesteatoma usually has abnormal otoscopy and conductive hearing loss."", ""D"": """", ""E"": """"}","Correct answer: C - Vestibular schwannoma

Progressive unilateral sensorineural hearing loss, unilateral tinnitus and imbalance are typical of vestibular schwannoma. The reduced corneal reflex suggests trigeminal nerve involvement from a cerebellopontine angle lesion, supporting this diagnosis. Ménière disease causes episodic vertigo with fluctuating hearing loss, tinnitus and aural fullness rather than progressive cranial nerve signs. Otosclerosis causes conductive hearing loss, so Rinne would usually be negative on the affected side and Weber would lateralise to the affected ear. Benign paroxysmal positional vertigo causes brief positional vertigo without hearing loss. Cholesteatoma usually has abnormal otoscopy and conductive hearing loss.

Clinical context: In UK ENT practice, unilateral sensorineural hearing loss with tinnitus is an important red flag for MRI internal auditory meatus assessment.

Guideline anchor: NICE hearing loss in adults guidance

Exam tip: Unilateral sensorineural hearing loss plus tinnitus should prompt consideration of vestibular schwannoma.","[{""label"": ""A"", ""text"": ""Ménière disease""}, {""label"": ""B"", ""text"": ""Otosclerosis""}, {""label"": ""C"", ""text"": ""Vestibular schwannoma""}, {""label"": ""D"", ""text"": ""Benign paroxysmal positional vertigo""}, {""label"": ""E"", ""text"": ""Cholesteatoma""}]",C,hard,2026-05-11T19:39:12.073644+00:00,2026-05-11T19:39:12.073644+00:00
d6f463ec-f349-4591-ae27-256259678a57,single_best_answer,"A 7-month-old boy is brought to the emergency department with a swollen left arm. X-ray shows a humeral fracture. His mother says he rolled off a sofa, but the history changes during the consultation. There are bruises of different ages on his trunk. He is clinically stable. What is the most appropriate next step in management?",true,A baby with an unexplained fracture and unusual bruising may be being harmed. The priority is to keep the child safe and involve safeguarding services.,"{""A"": """", ""B"": ""An unexplained fracture in a non-mobile infant, inconsistent history and bruising of different ages are highly concerning for non-accidental injury. The child should be kept safe, admitted if needed, discussed urgently with a senior paediatrician and referred to local safeguarding procedures, including children's social care. Discharge or routine follow-up would risk further harm. It is not necessary to wait for every detail to be confirmed before acting on safeguarding concerns. Clinicians should not confront parents aggressively or attempt to obtain confessions; the role is to assess, document and escalate appropriately."", ""C"": """", ""D"": """", ""E"": """"}","Correct answer: B - Admit the child and make an urgent safeguarding referral

An unexplained fracture in a non-mobile infant, inconsistent history and bruising of different ages are highly concerning for non-accidental injury. The child should be kept safe, admitted if needed, discussed urgently with a senior paediatrician and referred to local safeguarding procedures, including children's social care. Discharge or routine follow-up would risk further harm. It is not necessary to wait for every detail to be confirmed before acting on safeguarding concerns. Clinicians should not confront parents aggressively or attempt to obtain confessions; the role is to assess, document and escalate appropriately.

Clinical context: UK clinicians have a duty to act when a child may be at risk of significant harm, sharing information when necessary for safeguarding.

Guideline anchor: NICE child maltreatment guidance and GMC safeguarding principles

Exam tip: If you suspect non-accidental injury, do not discharge; escalate through safeguarding pathways.","[{""label"": ""A"", ""text"": ""Discharge with fracture clinic follow-up and safety-netting""}, {""label"": ""B"", ""text"": ""Admit the child and make an urgent safeguarding referral""}, {""label"": ""C"", ""text"": ""Ask the parents to arrange a GP review within 48 hours""}, {""label"": ""D"", ""text"": ""Delay action until the fracture pattern is confirmed by a radiologist""}, {""label"": ""E"", ""text"": ""Confront the parents and request a written confession""}]",B,medium,2026-05-11T19:39:12.073657+00:00,2026-05-11T19:39:12.073657+00:00
a8769dfc-2521-49be-99c7-f158816dce46,single_best_answer,"A 28-year-old woman with asthma presents to the emergency department with worsening wheeze. She can speak in short sentences. Her respiratory rate is 30/min, heart rate 118/min, oxygen saturation is 91% on air, and peak expiratory flow is 45% of her best. What is the most appropriate immediate management?",true,"Her asthma attack is severe. She needs oxygen, nebulised reliever treatment and steroids straight away.","{""A"": """", ""B"": """", ""C"": """", ""D"": ""This patient has acute severe asthma: oxygen saturation below 92%, respiratory rate above 25/min, heart rate above 110/min and PEF 33-50% of best or predicted. Immediate treatment includes oxygen to maintain adequate saturations, nebulised salbutamol, nebulised ipratropium in severe attacks, and systemic corticosteroids. Discharge is unsafe. Antibiotics are not routinely indicated unless there is evidence of bacterial infection. Starting or adjusting maintenance inhaled corticosteroid therapy is important later but not sufficient for the acute attack. Intravenous magnesium sulfate may be considered if there is poor response to initial therapy or life-threatening features, but it is not the sole initial treatment."", ""E"": """"}","Correct answer: D - Give oxygen, nebulised salbutamol with ipratropium, and systemic corticosteroid

This patient has acute severe asthma: oxygen saturation below 92%, respiratory rate above 25/min, heart rate above 110/min and PEF 33-50% of best or predicted. Immediate treatment includes oxygen to maintain adequate saturations, nebulised salbutamol, nebulised ipratropium in severe attacks, and systemic corticosteroids. Discharge is unsafe. Antibiotics are not routinely indicated unless there is evidence of bacterial infection. Starting or adjusting maintenance inhaled corticosteroid therapy is important later but not sufficient for the acute attack. Intravenous magnesium sulfate may be considered if there is poor response to initial therapy or life-threatening features, but it is not the sole initial treatment.

Clinical context: Acute severe asthma is a common UK emergency presentation requiring prompt bronchodilator therapy and early steroids.

Guideline anchor: British Thoracic Society/SIGN asthma guidance and NICE asthma guidance

Exam tip: In acute severe asthma, give oxygen, nebulised beta-agonist, add ipratropium, and give steroids early.","[{""label"": ""A"", ""text"": ""Discharge with increased salbutamol inhaler use""}, {""label"": ""B"", ""text"": ""Start oral amoxicillin and arrange GP follow-up""}, {""label"": ""C"", ""text"": ""Start a low-dose inhaled corticosteroid and observe""}, {""label"": ""D"", ""text"": ""Give oxygen, nebulised salbutamol with ipratropium, and systemic corticosteroid""}, {""label"": ""E"", ""text"": ""Give intravenous magnesium sulfate as the only initial treatment""}]",D,medium,2026-05-11T19:39:12.073670+00:00,2026-05-11T19:39:12.073670+00:00
167201ea-d4cb-4ba8-b184-a61e63b4cc05,single_best_answer,A 42-year-old woman presents with a 9-month history of facial redness. It is worse after hot drinks and alcohol. Examination shows erythema and telangiectasia over the cheeks and nose with several papules and pustules. There are no comedones. What is the most likely diagnosis?,true,"Rosacea causes redness and visible small blood vessels on the central face, often triggered by alcohol or hot drinks. It can cause spots but not blackheads or whiteheads.","{""A"": ""Rosacea commonly presents in adults with central facial erythema, flushing triggered by alcohol, hot drinks or heat, telangiectasia, and papules or pustules. The absence of comedones helps distinguish it from acne vulgaris. Seborrhoeic dermatitis usually causes greasy scale in areas such as the nasolabial folds, scalp and eyebrows. Systemic lupus erythematosus may cause a photosensitive malar rash but typically spares the nasolabial folds and is not associated with pustules or flushing triggers. Perioral dermatitis mainly affects the area around the mouth and often spares the vermilion border."", ""B"": """", ""C"": """", ""D"": """", ""E"": """"}","Correct answer: A - Rosacea

Rosacea commonly presents in adults with central facial erythema, flushing triggered by alcohol, hot drinks or heat, telangiectasia, and papules or pustules. The absence of comedones helps distinguish it from acne vulgaris. Seborrhoeic dermatitis usually causes greasy scale in areas such as the nasolabial folds, scalp and eyebrows. Systemic lupus erythematosus may cause a photosensitive malar rash but typically spares the nasolabial folds and is not associated with pustules or flushing triggers. Perioral dermatitis mainly affects the area around the mouth and often spares the vermilion border.

Clinical context: Rosacea is commonly diagnosed clinically in primary care and dermatology clinics in the UK.

Guideline anchor: NICE Clinical Knowledge Summary on rosacea

Exam tip: Adult facial flushing with telangiectasia and no comedones points to rosacea.","[{""label"": ""A"", ""text"": ""Rosacea""}, {""label"": ""B"", ""text"": ""Acne vulgaris""}, {""label"": ""C"", ""text"": ""Seborrhoeic dermatitis""}, {""label"": ""D"", ""text"": ""Systemic lupus erythematosus""}, {""label"": ""E"", ""text"": ""Perioral dermatitis""}]",A,medium,2026-05-11T19:39:12.073684+00:00,2026-05-11T19:39:12.073684+00:00
8dfc0e40-54e3-45bf-aa0f-fee7dbbbd373,single_best_answer,"A 79-year-old man with type 2 diabetes is brought to hospital confused and sweating. He takes gliclazide and ramipril. Capillary blood glucose is 1.9 mmol/L. He is given intravenous glucose and initially improves, but 90 minutes later his glucose falls again to 2.1 mmol/L despite eating. What is the most appropriate next step in management?",true,"Gliclazide can keep pushing the pancreas to release insulin, so low blood sugar can come back even after glucose. Octreotide helps stop this repeated insulin release.","{""A"": """", ""B"": """", ""C"": """", ""D"": """", ""E"": ""Gliclazide is a sulfonylurea and can cause prolonged or recurrent hypoglycaemia, especially in older adults. Recurrence after intravenous glucose strongly suggests ongoing insulin secretion driven by the sulfonylurea. The patient should be admitted for monitoring, the sulfonylurea stopped, glucose given as needed, and octreotide considered to suppress further insulin release. Discharge is unsafe because recurrent hypoglycaemia may be prolonged. Glucagon may have a temporary effect but is not definitive and does not remove the need for monitoring. Restarting gliclazide is inappropriate. Insulin would worsen hypoglycaemia.""}","Correct answer: E - Admit for monitoring and give octreotide with ongoing glucose support

Gliclazide is a sulfonylurea and can cause prolonged or recurrent hypoglycaemia, especially in older adults. Recurrence after intravenous glucose strongly suggests ongoing insulin secretion driven by the sulfonylurea. The patient should be admitted for monitoring, the sulfonylurea stopped, glucose given as needed, and octreotide considered to suppress further insulin release. Discharge is unsafe because recurrent hypoglycaemia may be prolonged. Glucagon may have a temporary effect but is not definitive and does not remove the need for monitoring. Restarting gliclazide is inappropriate. Insulin would worsen hypoglycaemia.

Clinical context: Sulfonylurea-induced hypoglycaemia is an important cause of recurrent hypoglycaemia in older adults and often needs prolonged observation in hospital.

Guideline anchor: BNF and standard UK emergency diabetes practice

Exam tip: Recurrent hypoglycaemia in a patient on a sulfonylurea should make you think of octreotide and admission.","[{""label"": ""A"", ""text"": ""Discharge once he has eaten a carbohydrate-rich meal""}, {""label"": ""B"", ""text"": ""Give intramuscular glucagon and stop all further monitoring""}, {""label"": ""C"", ""text"": ""Restart gliclazide at a lower dose the same day""}, {""label"": ""D"", ""text"": ""Treat with subcutaneous rapid-acting insulin""}, {""label"": ""E"", ""text"": ""Admit for monitoring and give octreotide with ongoing glucose support""}]",E,hard,2026-05-11T19:39:12.073696+00:00,2026-05-11T19:39:12.073696+00:00
141665cd-8de7-47d1-8544-d1ef6e644a0a,single_best_answer,"A 46-year-old woman has recurrent episodes of right upper quadrant pain after fatty meals. Each episode lasts 1-2 hours and resolves spontaneously. She is currently pain-free. Examination is normal. Blood tests show bilirubin 9 micromol/L (0-21), ALP 82 IU/L (30-130), ALT 24 IU/L (0-40), amylase 42 IU/L (30-110) and WCC 7.1 x 10^9/L (4.0-11.0). Which investigation is most appropriate to confirm the likely diagnosis?",true,Gallstones are best looked for first with an ultrasound scan. More invasive or advanced tests are used only if there are signs that a stone is stuck in the bile duct or complications have developed.,"{""A"": ""This is typical biliary colic: episodic post-prandial right upper quadrant pain with normal inflammatory markers, liver tests and amylase. Abdominal ultrasound is the first-line test for gallstones. CT is less sensitive for uncomplicated gallstones and is not first line. ERCP is therapeutic and reserved for confirmed or strongly suspected common bile duct stones or cholangitis. HIDA scanning is mainly used when acute cholecystitis is suspected but ultrasound is inconclusive. MRCP is used when common bile duct stones are suspected, particularly with abnormal liver tests or duct dilatation."", ""B"": """", ""C"": """", ""D"": """", ""E"": """"}","Correct answer: A - Abdominal ultrasound

This is typical biliary colic: episodic post-prandial right upper quadrant pain with normal inflammatory markers, liver tests and amylase. Abdominal ultrasound is the first-line test for gallstones. CT is less sensitive for uncomplicated gallstones and is not first line. ERCP is therapeutic and reserved for confirmed or strongly suspected common bile duct stones or cholangitis. HIDA scanning is mainly used when acute cholecystitis is suspected but ultrasound is inconclusive. MRCP is used when common bile duct stones are suspected, particularly with abnormal liver tests or duct dilatation.

Clinical context: In UK practice, uncomplicated biliary colic is usually investigated initially with liver blood tests and transabdominal ultrasound before referral for consideration of laparoscopic cholecystectomy.

Guideline anchor: NICE clinical knowledge summaries and standard UK surgical practice

Exam tip: Biliary colic plus normal blood tests: choose abdominal ultrasound first.","[{""label"": ""A"", ""text"": ""Abdominal ultrasound""}, {""label"": ""B"", ""text"": ""CT abdomen and pelvis with contrast""}, {""label"": ""C"", ""text"": ""Endoscopic retrograde cholangiopancreatography""}, {""label"": ""D"", ""text"": ""Hepatobiliary iminodiacetic acid scan""}, {""label"": ""E"", ""text"": ""Magnetic resonance cholangiopancreatography""}]",A,medium,2026-05-11T19:39:12.073709+00:00,2026-05-11T19:39:12.073709+00:00
c723284e-c36d-4fbf-a324-91e07c72c22d,single_best_answer,"A 32-year-old man with known ulcerative colitis is admitted with 12 bloody stools per day, worsening abdominal pain and distension. His temperature is 38.7°C, heart rate 124/min and blood pressure 98/62 mmHg. Blood tests show Hb 102 g/L (130-180), WCC 18.9 x 10^9/L (4.0-11.0) and CRP 146 mg/L (<5). Abdominal X-ray shows transverse colon dilatation to 7.2 cm. What is the most likely diagnosis?",true,Severe colitis becomes toxic megacolon when the colon becomes dangerously swollen and the patient is systemically unwell.,"{""A"": """", ""B"": """", ""C"": """", ""D"": """", ""E"": ""The key additional feature beyond acute severe colitis is marked colonic dilatation on abdominal X-ray with systemic toxicity, which indicates toxic megacolon. Acute severe ulcerative colitis alone causes frequent bloody stools and raised inflammatory markers but does not require colonic dilatation. C difficile can precipitate toxic megacolon but is not the best unifying diagnosis from the information given. Ischaemic colitis is more typical in older patients or vascular risk and usually has segmental pain and bleeding. Mechanical obstruction would not usually cause bloody diarrhoea in a known UC flare and systemic inflammatory colitis picture.""}","Correct answer: E - Toxic megacolon

The key additional feature beyond acute severe colitis is marked colonic dilatation on abdominal X-ray with systemic toxicity, which indicates toxic megacolon. Acute severe ulcerative colitis alone causes frequent bloody stools and raised inflammatory markers but does not require colonic dilatation. C difficile can precipitate toxic megacolon but is not the best unifying diagnosis from the information given. Ischaemic colitis is more typical in older patients or vascular risk and usually has segmental pain and bleeding. Mechanical obstruction would not usually cause bloody diarrhoea in a known UC flare and systemic inflammatory colitis picture.

Clinical context: Toxic megacolon is a surgical and medical emergency requiring close monitoring, resuscitation, intravenous steroids or antibiotics as appropriate, and early colorectal surgical involvement.

Guideline anchor: NICE and British Society of Gastroenterology principles for acute severe colitis; standard UK surgical practice

Exam tip: Colitis plus fever/tachycardia plus colon diameter over 6 cm is toxic megacolon.","[{""label"": ""A"", ""text"": ""Acute severe ulcerative colitis""}, {""label"": ""B"", ""text"": ""Clostridioides difficile colitis""}, {""label"": ""C"", ""text"": ""Ischaemic colitis""}, {""label"": ""D"", ""text"": ""Mechanical large bowel obstruction""}, {""label"": ""E"", ""text"": ""Toxic megacolon""}]",E,hard,2026-05-11T19:39:12.073723+00:00,2026-05-11T19:39:12.073723+00:00
03e3033a-ddfd-4556-bcd6-a987da24db22,single_best_answer,A 59-year-old woman has optimal cytoreductive surgery for stage III high-grade serous epithelial ovarian cancer. She is recovering well post-operatively and is due to start adjuvant systemic treatment. Which medication regimen is most appropriate?,true,The usual chemotherapy backbone for advanced epithelial ovarian cancer is carboplatin plus paclitaxel.,"{""A"": """", ""B"": ""For advanced epithelial ovarian cancer, standard first-line adjuvant chemotherapy is a platinum agent, commonly carboplatin, combined with paclitaxel. Anastrozole and tamoxifen are endocrine therapies used in selected hormone-sensitive cancers and are not standard first-line adjuvant treatment for high-grade serous ovarian cancer. Cisplatin and bleomycin are more relevant to some germ cell tumour regimens. Methotrexate with folinic acid is used in gestational trophoblastic disease and some other settings, not typical epithelial ovarian cancer."", ""C"": """", ""D"": """", ""E"": """"}","Correct answer: B - Carboplatin and paclitaxel

For advanced epithelial ovarian cancer, standard first-line adjuvant chemotherapy is a platinum agent, commonly carboplatin, combined with paclitaxel. Anastrozole and tamoxifen are endocrine therapies used in selected hormone-sensitive cancers and are not standard first-line adjuvant treatment for high-grade serous ovarian cancer. Cisplatin and bleomycin are more relevant to some germ cell tumour regimens. Methotrexate with folinic acid is used in gestational trophoblastic disease and some other settings, not typical epithelial ovarian cancer.

Clinical context: In UK oncology practice, women with advanced epithelial ovarian cancer are managed by a gynaecological oncology multidisciplinary team with surgery and platinum-based chemotherapy, with additional targeted or maintenance treatments considered according to tumour and patient factors.

Guideline anchor: NICE ovarian cancer guidance and standard UK oncology practice

Exam tip: High-grade epithelial ovarian cancer: think debulking surgery plus carboplatin-paclitaxel.","[{""label"": ""A"", ""text"": ""Anastrozole monotherapy""}, {""label"": ""B"", ""text"": ""Carboplatin and paclitaxel""}, {""label"": ""C"", ""text"": ""Cisplatin and bleomycin""}, {""label"": ""D"", ""text"": ""Methotrexate and folinic acid""}, {""label"": ""E"", ""text"": ""Tamoxifen monotherapy""}]",B,medium,2026-05-11T19:39:12.073735+00:00,2026-05-11T19:39:12.073735+00:00
cc72ab3f-8bd0-4c2d-9bc0-bf1574087b85,single_best_answer,"A 68-year-old man started ramipril 6 weeks ago for hypertension. Since then he has developed a persistent dry cough. He has no fever, breathlessness, wheeze or weight loss. Chest examination is normal. What is the most appropriate next step in management?",true,Ramipril can cause a dry cough. The usual fix is to stop it and use a similar blood pressure medicine that does not commonly cause cough.,"{""A"": """", ""B"": """", ""C"": """", ""D"": ""A persistent dry cough starting after initiation of an ACE inhibitor is a classic adverse effect. The appropriate management is to stop ramipril and use another antihypertensive, commonly an angiotensin II receptor blocker if renin-angiotensin system blockade remains suitable. Inhaled steroids are not indicated without asthma or eosinophilic airway disease. CT chest is unnecessary without red flags or abnormal examination. Continuing ramipril is likely to perpetuate the adverse effect. Antibiotics are not indicated in the absence of infection."", ""E"": """"}","Correct answer: D - Stop ramipril and start an angiotensin II receptor blocker

A persistent dry cough starting after initiation of an ACE inhibitor is a classic adverse effect. The appropriate management is to stop ramipril and use another antihypertensive, commonly an angiotensin II receptor blocker if renin-angiotensin system blockade remains suitable. Inhaled steroids are not indicated without asthma or eosinophilic airway disease. CT chest is unnecessary without red flags or abnormal examination. Continuing ramipril is likely to perpetuate the adverse effect. Antibiotics are not indicated in the absence of infection.

Clinical context: ACE inhibitor cough is common in primary care and outpatient medicine. ARBs are generally much less likely to cause cough.

Guideline anchor: BNF and NICE hypertension guidance principles

Exam tip: Dry cough after starting an ACE inhibitor: switch to an ARB.","[{""label"": ""A"", ""text"": ""Add inhaled beclometasone""}, {""label"": ""B"", ""text"": ""Arrange urgent CT chest""}, {""label"": ""C"", ""text"": ""Continue ramipril and review in 6 months""}, {""label"": ""D"", ""text"": ""Stop ramipril and start an angiotensin II receptor blocker""}, {""label"": ""E"", ""text"": ""Treat with a 5-day course of amoxicillin""}]",D,easy,2026-05-11T19:39:12.073747+00:00,2026-05-11T19:39:12.073747+00:00
3cfbd0f4-f0a2-4096-bf23-34f824c20923,single_best_answer,"A 4-year-old boy is referred for faltering growth. He has dropped from the 50th to below the 2nd weight centile over 8 months. His parents report bulky pale stools, abdominal bloating and tiredness. Blood tests show Hb 98 g/L (110-140) and MCV 68 fL (75-87). Which investigation is most appropriate to identify the likely underlying cause?",true,This child is not absorbing food properly. Coeliac disease is a common cause and is screened for with a blood antibody test plus a check of total IgA.,"{""A"": """", ""B"": ""Faltering growth with abdominal bloating, bulky pale stools and microcytic anaemia suggests malabsorption due to coeliac disease. The appropriate initial investigation is IgA tissue transglutaminase antibody with total IgA, as IgA deficiency can cause false-negative IgA-based tests. Faecal calprotectin is more useful for inflammatory bowel disease. IGF-1 may be used in suspected growth hormone deficiency but does not fit the gastrointestinal symptoms. Stool culture is for suspected infection. Sweat chloride tests cystic fibrosis, which can cause malabsorption, but the iron deficiency, bloating and classic coeliac symptoms make coeliac serology the best first investigation."", ""C"": """", ""D"": """", ""E"": """"}","Correct answer: B - Serum IgA tissue transglutaminase antibody with total IgA

Faltering growth with abdominal bloating, bulky pale stools and microcytic anaemia suggests malabsorption due to coeliac disease. The appropriate initial investigation is IgA tissue transglutaminase antibody with total IgA, as IgA deficiency can cause false-negative IgA-based tests. Faecal calprotectin is more useful for inflammatory bowel disease. IGF-1 may be used in suspected growth hormone deficiency but does not fit the gastrointestinal symptoms. Stool culture is for suspected infection. Sweat chloride tests cystic fibrosis, which can cause malabsorption, but the iron deficiency, bloating and classic coeliac symptoms make coeliac serology the best first investigation.

Clinical context: Children with faltering growth require careful growth assessment, dietary history and targeted investigation for common treatable causes such as coeliac disease.

Guideline anchor: NICE coeliac disease guidance and NICE faltering growth principles

Exam tip: Faltering growth plus bloating, pale stools and iron deficiency: test for coeliac disease.","[{""label"": ""A"", ""text"": ""Faecal calprotectin""}, {""label"": ""B"", ""text"": ""Serum IgA tissue transglutaminase antibody with total IgA""}, {""label"": ""C"", ""text"": ""Serum insulin-like growth factor 1""}, {""label"": ""D"", ""text"": ""Stool culture for bacterial pathogens""}, {""label"": ""E"", ""text"": ""Sweat chloride test""}]",B,medium,2026-05-11T19:39:12.073759+00:00,2026-05-11T19:39:12.073759+00:00
393bf109-4fa6-4803-a378-324173aa9138,single_best_answer,"A 24-year-old runner collapses near the finish of a half-marathon on a hot day. He is confused and agitated. Rectal temperature is 41.3°C, heart rate 142/min and blood pressure 102/58 mmHg. His skin is hot. Paramedics have started high-flow oxygen and intravenous access. What is the most appropriate immediate management?",true,"This is dangerous overheating, not ordinary fever. The body must be cooled quickly while the airway, breathing and circulation are supported.","{""A"": """", ""B"": """", ""C"": """", ""D"": ""This is exertional heat stroke: core temperature above 40°C with central nervous system dysfunction after exertion in heat. Immediate rapid active cooling is the priority; cold-water immersion is highly effective if it can be done safely while monitoring ABCs. Dantrolene is used for malignant hyperthermia, not exertional heat stroke. CT head may be needed later if another cause is suspected, but cooling must not be delayed. Paracetamol treats fever due to hypothalamic set-point change and is ineffective in heat stroke. Waiting for blood results is unsafe."", ""E"": """"}","Correct answer: D - Start immediate active cooling with cold-water immersion if feasible

This is exertional heat stroke: core temperature above 40°C with central nervous system dysfunction after exertion in heat. Immediate rapid active cooling is the priority; cold-water immersion is highly effective if it can be done safely while monitoring ABCs. Dantrolene is used for malignant hyperthermia, not exertional heat stroke. CT head may be needed later if another cause is suspected, but cooling must not be delayed. Paracetamol treats fever due to hypothalamic set-point change and is ineffective in heat stroke. Waiting for blood results is unsafe.

Clinical context: Heat stroke is time-critical. In UK emergency care, resuscitation and rapid cooling are started immediately, with monitoring for complications such as rhabdomyolysis, acute kidney injury, coagulopathy and electrolyte disturbance.

Guideline anchor: Resus Council UK principles and standard UK emergency medicine practice

Exam tip: Heat stroke equals hot, confused and very high core temperature: cool first, do not rely on paracetamol.","[{""label"": ""A"", ""text"": ""Administer intravenous dantrolene""}, {""label"": ""B"", ""text"": ""Arrange urgent CT head before cooling""}, {""label"": ""C"", ""text"": ""Give intravenous paracetamol""}, {""label"": ""D"", ""text"": ""Start immediate active cooling with cold-water immersion if feasible""}, {""label"": ""E"", ""text"": ""Wait for blood results before starting treatment""}]",D,hard,2026-05-11T19:39:12.073772+00:00,2026-05-11T19:39:12.073772+00:00
a3de9a48-94d8-4da6-b83b-a51fd43c30c5,single_best_answer,"A 23-year-old woman attends with light post-coital bleeding for 2 months. She takes the combined oral contraceptive pill. Cervical screening is up to date and normal. Pregnancy test is negative. Speculum examination shows a red, velvety area around the external os that bleeds slightly on contact. There is no cervical mass or ulceration. What is the most likely diagnosis?",true,Cervical ectropion is a harmless area of delicate glandular cells on the outside of the cervix. These cells can look red and bleed when touched.,"{""A"": ""Cervical ectropion occurs when columnar epithelium is visible on the ectocervix, producing a red, velvety appearance and contact bleeding. It is common in younger women and with combined hormonal contraception. Cervical intraepithelial neoplasia cannot be diagnosed by appearance alone and would be more concerning with abnormal screening or suspicious lesions. Chlamydial cervicitis can cause contact bleeding but usually has mucopurulent discharge or cervicitis; STI testing may still be appropriate. An endometrial polyp causes intermenstrual bleeding and is not seen as a red area around the os. Lichen sclerosus affects the vulva, not the cervix."", ""B"": """", ""C"": """", ""D"": """", ""E"": """"}","Correct answer: A - Cervical ectropion

Cervical ectropion occurs when columnar epithelium is visible on the ectocervix, producing a red, velvety appearance and contact bleeding. It is common in younger women and with combined hormonal contraception. Cervical intraepithelial neoplasia cannot be diagnosed by appearance alone and would be more concerning with abnormal screening or suspicious lesions. Chlamydial cervicitis can cause contact bleeding but usually has mucopurulent discharge or cervicitis; STI testing may still be appropriate. An endometrial polyp causes intermenstrual bleeding and is not seen as a red area around the os. Lichen sclerosus affects the vulva, not the cervix.

Clinical context: Post-coital bleeding should be assessed with pregnancy testing, STI consideration and speculum examination. Benign ectropion can be managed conservatively if symptoms are mild and other causes are excluded.

Guideline anchor: NICE clinical knowledge summaries and standard UK gynaecology practice

Exam tip: Red velvety tissue around the cervical os in a young woman on the pill suggests ectropion.","[{""label"": ""A"", ""text"": ""Cervical ectropion""}, {""label"": ""B"", ""text"": ""Cervical intraepithelial neoplasia""}, {""label"": ""C"", ""text"": ""Chlamydial cervicitis""}, {""label"": ""D"", ""text"": ""Endometrial polyp""}, {""label"": ""E"", ""text"": ""Vulval lichen sclerosus""}]",A,medium,2026-05-11T19:39:12.073784+00:00,2026-05-11T19:39:12.073784+00:00
38a9ca74-e509-497b-86c0-26c3713263d6,single_best_answer,"A 28-year-old man is admitted with 8 days of fever, headache, dry cough and abdominal discomfort after returning from visiting relatives in Pakistan. Temperature is 39.4°C and heart rate is 96/min. He has a faint blanching macular rash on his trunk. Blood cultures later grow Salmonella enterica serovar Typhi; sensitivities are pending. He is unable to maintain oral intake. Which antibiotic is the most appropriate empirical treatment?",true,Typhoid from South Asia is often resistant to older oral options such as ciprofloxacin. A sick patient who cannot take tablets is usually treated initially with IV ceftriaxone.,"{""A"": """", ""B"": ""Typhoid fever is suggested by prolonged fever after travel to Pakistan, relative bradycardia, abdominal symptoms and rose spots, confirmed by blood culture. In a hospitalised patient unable to take oral treatment, intravenous ceftriaxone is an appropriate empirical choice while sensitivities are awaited. Ciprofloxacin should not be used empirically for South Asia-acquired typhoid because resistance and reduced susceptibility are common; it may be used only if susceptibility is confirmed. Oral azithromycin can be used in some uncomplicated cases but is less suitable here because he cannot maintain oral intake. Co-amoxiclav and doxycycline are not standard empirical treatments for typhoid."", ""C"": """", ""D"": """", ""E"": """"}","Correct answer: B - Ceftriaxone intravenously

Typhoid fever is suggested by prolonged fever after travel to Pakistan, relative bradycardia, abdominal symptoms and rose spots, confirmed by blood culture. In a hospitalised patient unable to take oral treatment, intravenous ceftriaxone is an appropriate empirical choice while sensitivities are awaited. Ciprofloxacin should not be used empirically for South Asia-acquired typhoid because resistance and reduced susceptibility are common; it may be used only if susceptibility is confirmed. Oral azithromycin can be used in some uncomplicated cases but is less suitable here because he cannot maintain oral intake. Co-amoxiclav and doxycycline are not standard empirical treatments for typhoid.

Clinical context: Imported enteric fever in the UK should involve microbiology or infectious diseases advice, public health notification and antibiotic selection guided by travel region and susceptibility results.

Guideline anchor: BNF, UKHSA principles and standard UK infectious diseases practice

Exam tip: Typhoid after travel to South Asia: avoid empirical ciprofloxacin unless sensitivities support it.","[{""label"": ""A"", ""text"": ""Azithromycin orally""}, {""label"": ""B"", ""text"": ""Ceftriaxone intravenously""}, {""label"": ""C"", ""text"": ""Ciprofloxacin orally""}, {""label"": ""D"", ""text"": ""Co-amoxiclav intravenously""}, {""label"": ""E"", ""text"": ""Doxycycline orally""}]",B,hard,2026-05-11T19:39:12.073796+00:00,2026-05-11T19:39:12.073796+00:00
cd35eb07-430e-4fc2-803b-c9023996a172,single_best_answer,"A 51-year-old man with alcohol dependence is brought to the emergency department by ambulance. He is confused, unsteady when trying to stand and has horizontal nystagmus. He has eaten very little for several days. Capillary glucose is 5.2 mmol/L. What is the most appropriate immediate action?",true,"This patient’s brain may be short of thiamine. It is an emergency, and thiamine must be given into a vein straight away.","{""A"": """", ""B"": ""Confusion, ataxia and nystagmus in a malnourished patient with alcohol dependence is Wernicke’s encephalopathy until proven otherwise. Immediate high-dose parenteral thiamine is required to prevent irreversible Korsakoff syndrome or death. Oral thiamine is inadequate for acute suspected Wernicke’s. MRI can support the diagnosis but must not delay treatment. Chlordiazepoxide may be needed for alcohol withdrawal but does not treat Wernicke’s and should not be the first action here. Outpatient follow-up is unsafe."", ""C"": """", ""D"": """", ""E"": """"}","Correct answer: B - Give high-dose parenteral thiamine immediately

Confusion, ataxia and nystagmus in a malnourished patient with alcohol dependence is Wernicke’s encephalopathy until proven otherwise. Immediate high-dose parenteral thiamine is required to prevent irreversible Korsakoff syndrome or death. Oral thiamine is inadequate for acute suspected Wernicke’s. MRI can support the diagnosis but must not delay treatment. Chlordiazepoxide may be needed for alcohol withdrawal but does not treat Wernicke’s and should not be the first action here. Outpatient follow-up is unsafe.

Clinical context: In UK emergency care, suspected Wernicke’s encephalopathy is treated immediately with intravenous high-potency thiamine preparations and admission for monitoring and nutritional support.

Guideline anchor: BNF and NICE alcohol-use disorders guidance principles

Exam tip: Alcohol dependence plus confusion, ataxia or eye signs: give parenteral thiamine now.","[{""label"": ""A"", ""text"": ""Arrange outpatient alcohol liaison follow-up""}, {""label"": ""B"", ""text"": ""Give high-dose parenteral thiamine immediately""}, {""label"": ""C"", ""text"": ""Give oral thiamine and discharge if observations remain normal""}, {""label"": ""D"", ""text"": ""Request MRI brain before starting treatment""}, {""label"": ""E"", ""text"": ""Start chlordiazepoxide and review after 24 hours""}]",B,medium,2026-05-11T19:39:12.073808+00:00,2026-05-11T19:39:12.073808+00:00
f71e15f1-79b5-4dd9-9f19-85c67bd5ba68,single_best_answer,"A 7-year-old child is seen in general practice with fever, cough, coryza and conjunctivitis. A widespread maculopapular rash started on the face yesterday and has spread to the trunk. Small white spots are visible on the buccal mucosa. The child is unimmunised. What is the most appropriate management?",true,"This looks like measles. Because measles spreads easily and can be serious, the child should be kept away from others and public health teams must be informed.","{""A"": """", ""B"": """", ""C"": """", ""D"": """", ""E"": ""Fever with cough, coryza, conjunctivitis, Koplik spots and a cephalocaudal maculopapular rash in an unimmunised child is highly suggestive of measles. Measles is notifiable; the child should be isolated and the local health protection team notified. Aciclovir is for varicella or herpes infections in selected cases, not measles. Amoxicillin is not indicated for an uncomplicated viral exanthem. Infection control remains important after rash onset because measles is highly contagious. The child should not attend school during the infectious period.""}","Correct answer: E - Suspect measles, isolate the child and notify the local health protection team

Fever with cough, coryza, conjunctivitis, Koplik spots and a cephalocaudal maculopapular rash in an unimmunised child is highly suggestive of measles. Measles is notifiable; the child should be isolated and the local health protection team notified. Aciclovir is for varicella or herpes infections in selected cases, not measles. Amoxicillin is not indicated for an uncomplicated viral exanthem. Infection control remains important after rash onset because measles is highly contagious. The child should not attend school during the infectious period.

Clinical context: Suspected measles in UK primary care requires prompt infection control measures, notification and advice about exclusion, vaccination status of contacts and protection of vulnerable contacts.

Guideline anchor: UKHSA measles guidance and notifiable disease regulations

Exam tip: Koplik spots plus cough, coryza, conjunctivitis and rash: think measles and notify.","[{""label"": ""A"", ""text"": ""Prescribe oral aciclovir and advise school exclusion for 48 hours""}, {""label"": ""B"", ""text"": ""Prescribe oral amoxicillin and review if the rash persists""}, {""label"": ""C"", ""text"": ""Reassure that no infection control action is required once the rash appears""}, {""label"": ""D"", ""text"": ""Send the child to school if afebrile and arrange routine blood tests""}, {""label"": ""E"", ""text"": ""Suspect measles, isolate the child and notify the local health protection team""}]",E,medium,2026-05-11T19:39:12.073822+00:00,2026-05-11T19:39:12.073822+00:00
a2ee863c-1d25-47a6-a9ce-e9ec9aaf5636,single_best_answer,"A 52-year-old man is admitted with 2 weeks of jaundice, anorexia and right upper quadrant discomfort. He drinks around 80 units of alcohol per week. He is febrile at 38.1°C and has a tender enlarged liver, but no guarding. Blood tests show: bilirubin 168 micromol/L (0-21), ALT 72 U/L (0-40), AST 186 U/L (0-40), ALP 170 U/L (30-130), albumin 29 g/L (35-50), INR 1.6 (0.8-1.2), neutrophils 13.2 x 10^9/L (2.0-7.5). Abdominal ultrasound shows a fatty enlarged liver and no biliary dilatation. What is the most likely diagnosis?",true,"Alcoholic hepatitis often causes jaundice, fever and a sore enlarged liver. The AST is usually higher than the ALT, but neither is usually in the thousands.","{""A"": ""The combination of heavy alcohol intake, recent jaundice, fever, tender hepatomegaly, neutrophilia and AST greater than ALT with transaminases usually below the very high levels seen in viral or ischaemic hepatitis is most consistent with acute alcoholic hepatitis. Ascending cholangitis would usually have biliary obstruction or duct dilatation and more marked cholestatic features. Acute viral hepatitis often causes much higher ALT and AST, commonly with ALT predominance. Autoimmune hepatitis is possible in jaundice but is less likely with this alcohol history and typical AST:ALT pattern. Gilbert syndrome causes isolated mild unconjugated hyperbilirubinaemia without systemic illness or abnormal INR."", ""B"": """", ""C"": """", ""D"": """", ""E"": """"}","Correct answer: A - Acute alcoholic hepatitis

The combination of heavy alcohol intake, recent jaundice, fever, tender hepatomegaly, neutrophilia and AST greater than ALT with transaminases usually below the very high levels seen in viral or ischaemic hepatitis is most consistent with acute alcoholic hepatitis. Ascending cholangitis would usually have biliary obstruction or duct dilatation and more marked cholestatic features. Acute viral hepatitis often causes much higher ALT and AST, commonly with ALT predominance. Autoimmune hepatitis is possible in jaundice but is less likely with this alcohol history and typical AST:ALT pattern. Gilbert syndrome causes isolated mild unconjugated hyperbilirubinaemia without systemic illness or abnormal INR.

Clinical context: In UK acute medical and gastroenterology practice, alcoholic hepatitis is a clinical diagnosis supported by liver tests and imaging to exclude biliary obstruction or other causes.

Guideline anchor: NICE and standard UK hepatology practice

Exam tip: In alcoholic hepatitis, think jaundice plus systemic inflammation plus AST:ALT ratio greater than 2 in a heavy drinker.","[{""label"": ""A"", ""text"": ""Acute alcoholic hepatitis""}, {""label"": ""B"", ""text"": ""Acute viral hepatitis A""}, {""label"": ""C"", ""text"": ""Ascending cholangitis""}, {""label"": ""D"", ""text"": ""Autoimmune hepatitis""}, {""label"": ""E"", ""text"": ""Gilbert syndrome""}]",A,hard,2026-05-11T19:39:12.073835+00:00,2026-05-11T19:39:12.073835+00:00
0e826ac9-ff7e-4c8b-832e-7572f5edd128,single_best_answer,A 68-year-old woman has a pancreatic protocol CT for weight loss and epigastric pain. It shows a 4 cm pancreatic tail mass with multiple liver lesions suspicious for metastases. The hepatobiliary MDT is considering palliative chemotherapy and requests tissue confirmation. Which investigation is most appropriate to confirm the diagnosis?,true,"If pancreatic cancer has already spread and chemotherapy is planned, doctors usually need a tissue sample. A liver deposit is often the easiest and safest place to biopsy.","{""A"": """", ""B"": """", ""C"": ""A core biopsy of an accessible liver metastasis can provide histological confirmation and confirms metastatic disease, which is important before palliative chemotherapy. CA19-9 may support monitoring but is not diagnostic and can be elevated in benign biliary disease. ERCP brush cytology is mainly used when sampling a biliary stricture or relieving obstruction, which is not the issue in a pancreatic tail lesion. PET-CT may provide staging information in selected cases but does not provide tissue diagnosis. Repeating CT would delay diagnosis without adding histology."", ""D"": """", ""E"": """"}","Correct answer: C - Image-guided core biopsy of a liver lesion

A core biopsy of an accessible liver metastasis can provide histological confirmation and confirms metastatic disease, which is important before palliative chemotherapy. CA19-9 may support monitoring but is not diagnostic and can be elevated in benign biliary disease. ERCP brush cytology is mainly used when sampling a biliary stricture or relieving obstruction, which is not the issue in a pancreatic tail lesion. PET-CT may provide staging information in selected cases but does not provide tissue diagnosis. Repeating CT would delay diagnosis without adding histology.

Clinical context: UK pancreatic cancer pathways use pancreatic protocol CT for staging, with tissue confirmation required before non-surgical oncological treatment where feasible.

Guideline anchor: NICE pancreatic cancer guidance and standard UK hepatopancreatobiliary MDT practice

Exam tip: Tumour markers do not replace histology when chemotherapy is being planned for metastatic pancreatic cancer.","[{""label"": ""A"", ""text"": ""Serum CA19-9 measurement""}, {""label"": ""B"", ""text"": ""Endoscopic retrograde cholangiopancreatography with brush cytology""}, {""label"": ""C"", ""text"": ""Image-guided core biopsy of a liver lesion""}, {""label"": ""D"", ""text"": ""PET-CT scan""}, {""label"": ""E"", ""text"": ""Repeat pancreatic protocol CT in 6 weeks""}]",C,hard,2026-05-11T19:39:12.073849+00:00,2026-05-11T19:39:12.073849+00:00
788f8cb0-155a-4c2a-becd-2881aac591c0,single_best_answer,"A 45-year-old woman presents with renal colic. CT KUB shows a 7 mm stone in the distal left ureter with mild hydronephrosis. She is afebrile, her pain is controlled with analgesia and her creatinine is normal. Urinalysis shows blood but no nitrites or leucocytes. Which medication is most appropriate to prescribe to aid stone passage?",true,Tamsulosin relaxes smooth muscle in the ureter and can help a lower ureter stone pass.,"{""A"": """", ""B"": """", ""C"": """", ""D"": ""Tamsulosin is an alpha-blocker used as medical expulsive therapy and may aid passage of distal ureteric stones in adults. Bendroflumethiazide may reduce recurrence in selected patients with hypercalciuria but does not help acute passage. Ciprofloxacin is not indicated without evidence of infection. Potassium citrate can be used for selected uric acid stones or recurrence prevention, not acute distal ureteric stone passage. Tranexamic acid is not used for ureteric colic and could worsen clot obstruction if haematuria were significant."", ""E"": """"}","Correct answer: D - Tamsulosin

Tamsulosin is an alpha-blocker used as medical expulsive therapy and may aid passage of distal ureteric stones in adults. Bendroflumethiazide may reduce recurrence in selected patients with hypercalciuria but does not help acute passage. Ciprofloxacin is not indicated without evidence of infection. Potassium citrate can be used for selected uric acid stones or recurrence prevention, not acute distal ureteric stone passage. Tranexamic acid is not used for ureteric colic and could worsen clot obstruction if haematuria were significant.

Clinical context: In UK emergency and urology practice, stable patients with small distal ureteric stones may be managed conservatively with analgesia, safety-netting and consideration of an alpha-blocker.

Guideline anchor: NICE renal and ureteric stones guidance; BNF prescribing principles

Exam tip: For a stable adult with a distal ureteric stone less than 10 mm, consider an alpha-blocker.","[{""label"": ""A"", ""text"": ""Bendroflumethiazide""}, {""label"": ""B"", ""text"": ""Ciprofloxacin""}, {""label"": ""C"", ""text"": ""Potassium citrate""}, {""label"": ""D"", ""text"": ""Tamsulosin""}, {""label"": ""E"", ""text"": ""Tranexamic acid""}]",D,hard,2026-05-11T19:39:12.073862+00:00,2026-05-11T19:39:12.073862+00:00
ad04526b-d165-4ec3-963a-d7955f87ad0e,single_best_answer,A 61-year-old man is diagnosed with essential thrombocythaemia after investigation of a persistently raised platelet count. His employer contacts the haematology clinic asking whether he is safe to continue operating machinery at work. The patient has not given permission for information to be shared. What is the most appropriate response?,true,"An employer cannot be given a patient's diagnosis or blood results unless the patient agrees, except in rare situations where others are at serious risk.","{""A"": """", ""B"": """", ""C"": ""Medical information must not be disclosed to an employer without the patient's explicit consent, unless there is an overriding public interest or legal requirement. Essential thrombocythaemia can increase thrombotic risk but does not by itself justify breaching confidentiality to an employer. Confirming the diagnosis, disclosing a platelet count or sending clinic letters would all reveal confidential information. The appropriate response is to decline disclosure and seek the patient's consent if occupational information is required."", ""D"": """", ""E"": """"}","Correct answer: C - Explain that information cannot be shared without the patient's consent

Medical information must not be disclosed to an employer without the patient's explicit consent, unless there is an overriding public interest or legal requirement. Essential thrombocythaemia can increase thrombotic risk but does not by itself justify breaching confidentiality to an employer. Confirming the diagnosis, disclosing a platelet count or sending clinic letters would all reveal confidential information. The appropriate response is to decline disclosure and seek the patient's consent if occupational information is required.

Clinical context: Clinicians in UK haematology clinics commonly receive third-party requests, but confidentiality remains central unless a clear legal or public interest exception applies.

Guideline anchor: GMC confidentiality guidance

Exam tip: For employer requests, the default is no disclosure without the patient's consent.","[{""label"": ""A"", ""text"": ""Confirm the diagnosis but give no further details""}, {""label"": ""B"", ""text"": ""Disclose the diagnosis because thrombosis could endanger colleagues""}, {""label"": ""C"", ""text"": ""Explain that information cannot be shared without the patient's consent""}, {""label"": ""D"", ""text"": ""Send the employer a copy of the clinic letter""}, {""label"": ""E"", ""text"": ""Tell the employer only the platelet count""}]",C,medium,2026-05-11T19:39:12.073873+00:00,2026-05-11T19:39:12.073873+00:00
3b46a3c7-7254-4e10-ba51-5f47f45361a0,single_best_answer,A 59-year-old man is admitted with acute pancreatitis. On day 4 he remains tachycardic and febrile with worsening oxygen requirement. His CRP is 286 mg/L (<5) and he has persistent severe abdominal pain despite treatment. Which investigation is most appropriate to assess for pancreatic necrosis or local complications?,true,"If pancreatitis is not improving after a few days, a contrast CT can show whether part of the pancreas has died or whether collections have formed.","{""A"": """", ""B"": ""Contrast-enhanced CT is the appropriate investigation after the initial early phase when there is clinical deterioration or failure to improve, as it can assess pancreatic necrosis and collections. Abdominal X-ray is not useful for assessing pancreatic complications. ERCP is indicated for selected patients with cholangitis or persistent biliary obstruction, not simply to assess necrosis. Repeat amylase does not correlate with severity or complications. Ultrasound may identify gallstones or biliary dilatation but is poor for assessing pancreatic necrosis."", ""C"": """", ""D"": """", ""E"": """"}","Correct answer: B - Contrast-enhanced CT abdomen

Contrast-enhanced CT is the appropriate investigation after the initial early phase when there is clinical deterioration or failure to improve, as it can assess pancreatic necrosis and collections. Abdominal X-ray is not useful for assessing pancreatic complications. ERCP is indicated for selected patients with cholangitis or persistent biliary obstruction, not simply to assess necrosis. Repeat amylase does not correlate with severity or complications. Ultrasound may identify gallstones or biliary dilatation but is poor for assessing pancreatic necrosis.

Clinical context: In UK acute pancreatitis pathways, CT is not routinely needed at presentation if the diagnosis is clear, but is used when severe disease or complications are suspected after 48-72 hours.

Guideline anchor: NICE pancreatitis guidance and standard UK surgical/gastroenterology practice

Exam tip: Do not use serial amylase to monitor pancreatitis severity; use contrast CT when complications are suspected.","[{""label"": ""A"", ""text"": ""Abdominal X-ray""}, {""label"": ""B"", ""text"": ""Contrast-enhanced CT abdomen""}, {""label"": ""C"", ""text"": ""Endoscopic retrograde cholangiopancreatography""}, {""label"": ""D"", ""text"": ""Repeat serum amylase""}, {""label"": ""E"", ""text"": ""Transabdominal ultrasound""}]",B,hard,2026-05-11T19:39:12.073885+00:00,2026-05-11T19:39:12.073885+00:00
96690a43-1fa1-4dd9-840a-936abeeff781,single_best_answer,A 76-year-old woman reports a lump protruding from her anus after opening her bowels. It is uncomfortable but usually reduces with gentle pressure. Examination after straining shows a circumferential protrusion with concentric mucosal folds. What is the most likely diagnosis?,true,"A full rectal prolapse comes out as a complete ring of rectum, giving circular folds all the way round.","{""A"": """", ""B"": ""A full-thickness rectal prolapse typically appears as a circumferential protrusion with concentric mucosal folds, often after straining and reducible initially. Prolapsing internal haemorrhoids tend to form separate radial columns rather than a circumferential ring with concentric folds. Anal carcinoma is usually an irregular mass, ulcer or indurated lesion rather than a reducible circumferential prolapse. A perianal haematoma is an acute painful bluish perianal lump. A rectocele is a bulge of the anterior rectal wall into the vagina and would not appear as a circumferential anal protrusion."", ""C"": """", ""D"": """", ""E"": """"}","Correct answer: B - Full-thickness rectal prolapse

A full-thickness rectal prolapse typically appears as a circumferential protrusion with concentric mucosal folds, often after straining and reducible initially. Prolapsing internal haemorrhoids tend to form separate radial columns rather than a circumferential ring with concentric folds. Anal carcinoma is usually an irregular mass, ulcer or indurated lesion rather than a reducible circumferential prolapse. A perianal haematoma is an acute painful bluish perianal lump. A rectocele is a bulge of the anterior rectal wall into the vagina and would not appear as a circumferential anal protrusion.

Clinical context: Rectal prolapse is commonly assessed in UK colorectal surgery and primary care, particularly in older women and patients with pelvic floor weakness.

Guideline anchor: standard UK colorectal practice

Exam tip: Concentric circular folds point to full-thickness rectal prolapse; radial columns suggest haemorrhoids.","[{""label"": ""A"", ""text"": ""Anal carcinoma""}, {""label"": ""B"", ""text"": ""Full-thickness rectal prolapse""}, {""label"": ""C"", ""text"": ""Perianal haematoma""}, {""label"": ""D"", ""text"": ""Prolapsing internal haemorrhoids""}, {""label"": ""E"", ""text"": ""Rectocele""}]",B,medium,2026-05-11T19:39:12.073897+00:00,2026-05-11T19:39:12.073897+00:00
5bf564fa-a795-4132-8a2c-28fdeafdb048,single_best_answer,"A 24-year-old man presents with a dull ache in the left scrotum, worse after standing for long periods. Examination reveals a soft, non-tender swelling above the left testis that feels like a 'bag of worms'. It becomes much less prominent when he lies down. What is the most likely diagnosis?",true,"A varicocele is like varicose veins around the testicle, so it feels like a soft bag of worms and often disappears when lying flat.","{""A"": """", ""B"": """", ""C"": """", ""D"": """", ""E"": ""A varicocele is dilatation of the pampiniform plexus and classically feels like a 'bag of worms', is usually left-sided, worsens on standing and reduces when supine. A hydrocoele is a fluid swelling around the testis that transilluminates and is not described as a bag of worms. An epididymal cyst or spermatocele is usually a discrete cystic swelling separate from the testis and does not characteristically reduce on lying down. An indirect inguinal hernia may have a cough impulse and extend from the groin, rather than being a venous-feeling swelling above the testis.""}","Correct answer: E - Varicocele

A varicocele is dilatation of the pampiniform plexus and classically feels like a 'bag of worms', is usually left-sided, worsens on standing and reduces when supine. A hydrocoele is a fluid swelling around the testis that transilluminates and is not described as a bag of worms. An epididymal cyst or spermatocele is usually a discrete cystic swelling separate from the testis and does not characteristically reduce on lying down. An indirect inguinal hernia may have a cough impulse and extend from the groin, rather than being a venous-feeling swelling above the testis.

Clinical context: Benign scrotal swellings are common in UK primary care and urology; examination position and transillumination help differentiate them.

Guideline anchor: standard UK urology practice

Exam tip: Bag of worms plus left-sided swelling worse on standing equals varicocele.","[{""label"": ""A"", ""text"": ""Epididymal cyst""}, {""label"": ""B"", ""text"": ""Hydrocoele""}, {""label"": ""C"", ""text"": ""Indirect inguinal hernia""}, {""label"": ""D"", ""text"": ""Spermatocele""}, {""label"": ""E"", ""text"": ""Varicocele""}]",E,medium,2026-05-11T19:39:12.073910+00:00,2026-05-11T19:39:12.073910+00:00
7a6d1009-db99-4074-acc5-78dff0db9056,single_best_answer,A 39-year-old woman with fibromyalgia attends her GP with worsening back and leg pain. Over the last 24 hours she has developed numbness around her perineum and difficulty passing urine. Examination shows reduced anal tone and bilateral reduced ankle reflexes. What is the most appropriate next step?,true,"Fibromyalgia causes chronic widespread pain, but it does not cause numbness in the saddle area or bladder problems. These signs can mean pressure on the nerves at the bottom of the spine.","{""A"": """", ""B"": """", ""C"": ""Saddle numbness, urinary difficulty, reduced anal tone and bilateral neurological signs are red flags for cauda equina syndrome and require immediate emergency assessment and urgent MRI/spinal surgical input. Attributing these symptoms to fibromyalgia would be unsafe. Routine MRI, analgesia review or routine pain clinic referral would delay time-critical management. Oral prednisolone is not appropriate for this red-flag presentation."", ""D"": """", ""E"": """"}","Correct answer: C - Refer immediately to the emergency department for suspected cauda equina syndrome

Saddle numbness, urinary difficulty, reduced anal tone and bilateral neurological signs are red flags for cauda equina syndrome and require immediate emergency assessment and urgent MRI/spinal surgical input. Attributing these symptoms to fibromyalgia would be unsafe. Routine MRI, analgesia review or routine pain clinic referral would delay time-critical management. Oral prednisolone is not appropriate for this red-flag presentation.

Clinical context: In UK primary care and emergency practice, cauda equina symptoms require same-day emergency referral regardless of a pre-existing chronic pain diagnosis.

Guideline anchor: NICE low back pain/sciatica guidance and standard UK emergency spinal pathway principles

Exam tip: Do not let a fibromyalgia label distract from new objective neurological red flags.","[{""label"": ""A"", ""text"": ""Arrange routine outpatient MRI of the lumbar spine""}, {""label"": ""B"", ""text"": ""Increase her analgesia and review in 48 hours""}, {""label"": ""C"", ""text"": ""Refer immediately to the emergency department for suspected cauda equina syndrome""}, {""label"": ""D"", ""text"": ""Start oral prednisolone for inflammatory back pain""}, {""label"": ""E"", ""text"": ""Refer routinely to a community pain clinic""}]",C,hard,2026-05-11T19:39:12.073921+00:00,2026-05-11T19:39:12.073921+00:00
f672644c-82d4-4424-995c-6ac3b6190673,single_best_answer,"A 47-year-old man is ventilated in ICU for severe community-acquired pneumonia. He has acute hypoxaemia, bilateral pulmonary infiltrates on chest X-ray and no evidence of left ventricular failure on bedside echocardiography. Which investigation is most useful to assess the severity of suspected acute respiratory distress syndrome?",true,ARDS severity depends on how poorly oxygen is passing from the lungs into the blood. An arterial blood gas gives the oxygen level needed to calculate this.,"{""A"": ""ARDS severity is classified using oxygenation impairment, particularly the PaO2/FiO2 ratio, in a patient with acute bilateral opacities not fully explained by cardiac failure or fluid overload. An arterial blood gas provides the PaO2 needed for this calculation. Bronchoscopy may help identify infection but does not classify ARDS severity. CT pulmonary angiography investigates pulmonary embolism. D-dimer is non-specific in ICU patients. BNP may support assessment of cardiac failure but is not the key measure of ARDS severity."", ""B"": """", ""C"": """", ""D"": """", ""E"": """"}","Correct answer: A - Arterial blood gas to calculate the PaO2/FiO2 ratio

ARDS severity is classified using oxygenation impairment, particularly the PaO2/FiO2 ratio, in a patient with acute bilateral opacities not fully explained by cardiac failure or fluid overload. An arterial blood gas provides the PaO2 needed for this calculation. Bronchoscopy may help identify infection but does not classify ARDS severity. CT pulmonary angiography investigates pulmonary embolism. D-dimer is non-specific in ICU patients. BNP may support assessment of cardiac failure but is not the key measure of ARDS severity.

Clinical context: In UK intensive care, ARDS is assessed using clinical context, imaging and oxygenation parameters, with ABG values guiding severity classification and ventilatory management.

Guideline anchor: Berlin definition of ARDS and standard UK intensive care practice

Exam tip: For ARDS severity, think PaO2/FiO2 ratio, not oxygen saturations alone.","[{""label"": ""A"", ""text"": ""Arterial blood gas to calculate the PaO2/FiO2 ratio""}, {""label"": ""B"", ""text"": ""Bronchoscopy with lavage culture""}, {""label"": ""C"", ""text"": ""CT pulmonary angiography""}, {""label"": ""D"", ""text"": ""D-dimer concentration""}, {""label"": ""E"", ""text"": ""Serum B-type natriuretic peptide""}]",A,hard,2026-05-11T19:39:12.073933+00:00,2026-05-11T19:39:12.073933+00:00
283e818d-d833-49bb-9eb1-ac7aeb3ba69d,single_best_answer,A 55-year-old man is found by his optometrist to have reduced peripheral vision in both temporal visual fields. He also reports headaches and reduced libido. Visual acuity is normal. What is the most appropriate next step in management?,true,"Losing the outer half of vision in both eyes points to pressure where the optic nerves cross, often from a pituitary tumour.","{""A"": """", ""B"": ""Loss of both temporal visual fields suggests bitemporal hemianopia from optic chiasm compression, commonly due to a pituitary macroadenoma. Headache and reduced libido further support pituitary disease. Urgent MRI of the pituitary region and referral to endocrinology/neurosurgery or ophthalmology is appropriate. Latanoprost is used for glaucoma, which typically causes different visual field patterns. Optic neuritis usually causes painful monocular visual loss. Lubricants, reassurance or routine review would be inappropriate and risk delayed diagnosis."", ""C"": """", ""D"": """", ""E"": """"}","Correct answer: B - Arrange urgent MRI of the pituitary region and specialist referral

Loss of both temporal visual fields suggests bitemporal hemianopia from optic chiasm compression, commonly due to a pituitary macroadenoma. Headache and reduced libido further support pituitary disease. Urgent MRI of the pituitary region and referral to endocrinology/neurosurgery or ophthalmology is appropriate. Latanoprost is used for glaucoma, which typically causes different visual field patterns. Optic neuritis usually causes painful monocular visual loss. Lubricants, reassurance or routine review would be inappropriate and risk delayed diagnosis.

Clinical context: In UK eye care and primary care, suspected chiasmal visual field defects require urgent neuroimaging and specialist assessment.

Guideline anchor: NICE suspected neurological conditions principles and standard UK ophthalmology/endocrinology practice

Exam tip: Bitemporal hemianopia localises to the optic chiasm until proven otherwise.","[{""label"": ""A"", ""text"": ""Advise lubricating eye drops and routine optometry review""}, {""label"": ""B"", ""text"": ""Arrange urgent MRI of the pituitary region and specialist referral""}, {""label"": ""C"", ""text"": ""Commence latanoprost eye drops for glaucoma""}, {""label"": ""D"", ""text"": ""Prescribe high-dose oral prednisolone for optic neuritis""}, {""label"": ""E"", ""text"": ""Reassure him that this is typical age-related visual field loss""}]",B,medium,2026-05-11T19:39:12.073944+00:00,2026-05-11T19:39:12.073944+00:00
c3d99c50-a8b9-4c4e-92d9-fa15739d847b,single_best_answer,"A 48-year-old woman with diffuse cutaneous systemic sclerosis presents with severe headache and blurred vision. She recently received high-dose prednisolone for worsening skin thickening. Her blood pressure is 218/126 mmHg. Blood tests show creatinine 286 micromol/L (45-84), platelets 82 x 10^9/L (150-400) and fragmented red cells on blood film. Which medication is most appropriate to start urgently?",true,Systemic sclerosis can suddenly cause very high blood pressure and kidney failure. The best immediate drug is an ACE inhibitor such as captopril.,"{""A"": """", ""B"": ""This patient has scleroderma renal crisis: abrupt severe hypertension, acute kidney injury and microangiopathic haemolytic anaemia in diffuse systemic sclerosis, with corticosteroid exposure as a risk factor. ACE inhibitors, commonly captopril because it is short acting and titratable, are the key treatment and should be started urgently. Labetalol may lower blood pressure but does not target the renin-angiotensin mechanism driving the crisis. Nifedipine is used for Raynaud's phenomenon rather than renal crisis. Further prednisolone may worsen risk. Cyclophosphamide is used for some severe systemic sclerosis complications such as interstitial lung disease, not acute renal crisis."", ""C"": """", ""D"": """", ""E"": """"}","Correct answer: B - Oral captopril

This patient has scleroderma renal crisis: abrupt severe hypertension, acute kidney injury and microangiopathic haemolytic anaemia in diffuse systemic sclerosis, with corticosteroid exposure as a risk factor. ACE inhibitors, commonly captopril because it is short acting and titratable, are the key treatment and should be started urgently. Labetalol may lower blood pressure but does not target the renin-angiotensin mechanism driving the crisis. Nifedipine is used for Raynaud's phenomenon rather than renal crisis. Further prednisolone may worsen risk. Cyclophosphamide is used for some severe systemic sclerosis complications such as interstitial lung disease, not acute renal crisis.

Clinical context: In UK practice, suspected scleroderma renal crisis requires urgent senior, renal and rheumatology involvement, but ACE inhibitor treatment should not be delayed.

Guideline anchor: standard UK rheumatology practice; BNF prescribing principles for ACE inhibitors

Exam tip: In systemic sclerosis, sudden hypertension plus renal failure equals scleroderma renal crisis: start an ACE inhibitor.","[{""label"": ""A"", ""text"": ""Intravenous labetalol""}, {""label"": ""B"", ""text"": ""Oral captopril""}, {""label"": ""C"", ""text"": ""Oral nifedipine""}, {""label"": ""D"", ""text"": ""Oral prednisolone""}, {""label"": ""E"", ""text"": ""Intravenous cyclophosphamide""}]",B,hard,2026-05-11T19:39:12.073957+00:00,2026-05-11T19:39:12.073957+00:00
55a24c53-eb98-417d-aae8-9fca329202e8,single_best_answer,"A 29-year-old man is referred by his GP because of increasing social isolation. Since adolescence he has had few close relationships, dresses unusually and speaks in a vague, metaphorical way. He believes that strangers' conversations often contain hidden messages for him, but he has no sustained hallucinations or fixed delusions. He is not distressed by being alone. What is the most likely diagnosis?",true,"This is a lifelong pattern of being socially detached and eccentric, with unusual beliefs but not full psychosis.","{""A"": """", ""B"": """", ""C"": """", ""D"": ""Schizotypal personality disorder is characterised by longstanding social and interpersonal difficulties with eccentric behaviour, odd speech, magical thinking or ideas of reference, without persistent psychosis. Paranoid schizophrenia would involve sustained delusions, hallucinations or thought disorder. Schizoid personality disorder involves detachment and limited emotional expression but not marked odd beliefs or ideas of reference. Avoidant personality disorder is driven by fear of criticism and rejection. Autism spectrum disorder may cause social communication difficulties and restricted interests, but the stem emphasises odd beliefs and ideas of reference emerging as a personality pattern."", ""E"": """"}","Correct answer: D - Schizotypal personality disorder

Schizotypal personality disorder is characterised by longstanding social and interpersonal difficulties with eccentric behaviour, odd speech, magical thinking or ideas of reference, without persistent psychosis. Paranoid schizophrenia would involve sustained delusions, hallucinations or thought disorder. Schizoid personality disorder involves detachment and limited emotional expression but not marked odd beliefs or ideas of reference. Avoidant personality disorder is driven by fear of criticism and rejection. Autism spectrum disorder may cause social communication difficulties and restricted interests, but the stem emphasises odd beliefs and ideas of reference emerging as a personality pattern.

Clinical context: Personality disorder diagnoses should be made carefully, usually after longitudinal assessment and consideration of neurodevelopmental, mood and psychotic disorders.

Guideline anchor: NICE principles for assessment of personality disorders and standard UK psychiatric practice

Exam tip: Odd beliefs and ideas of reference without sustained psychosis point towards schizotypal personality disorder.","[{""label"": ""A"", ""text"": ""Avoidant personality disorder""}, {""label"": ""B"", ""text"": ""Autism spectrum disorder""}, {""label"": ""C"", ""text"": ""Paranoid schizophrenia""}, {""label"": ""D"", ""text"": ""Schizotypal personality disorder""}, {""label"": ""E"", ""text"": ""Schizoid personality disorder""}]",D,hard,2026-05-11T19:39:12.073970+00:00,2026-05-11T19:39:12.073970+00:00
0a2153c1-0251-42c7-9e45-fb64f0b86a33,single_best_answer,"A 6-year-old child has an adenotonsillectomy under general anaesthesia. Shortly after extubation he develops marked inspiratory effort, tracheal tug and rapidly falling oxygen saturations. There is no effective air movement despite attempts at bag-mask ventilation, and a small amount of blood is seen in the oropharynx. What is the most likely diagnosis?",true,"After the breathing tube is removed, blood or secretions can make the vocal cords clamp shut, blocking airflow.","{""A"": ""Laryngospasm is a reflex closure of the vocal cords causing acute upper airway obstruction, classically after extubation and triggered by secretions or blood. It causes inspiratory effort, tracheal tug, poor or absent air movement and desaturation. Bronchospasm usually causes wheeze and prolonged expiration with some ventilation possible. Aspiration pneumonitis may cause hypoxia but not sudden complete upper airway obstruction. Anaphylaxis would usually involve hypotension, rash or bronchospasm. Tension pneumothorax would cause unilateral chest signs and haemodynamic compromise."", ""B"": """", ""C"": """", ""D"": """", ""E"": """"}","Correct answer: A - Laryngospasm

Laryngospasm is a reflex closure of the vocal cords causing acute upper airway obstruction, classically after extubation and triggered by secretions or blood. It causes inspiratory effort, tracheal tug, poor or absent air movement and desaturation. Bronchospasm usually causes wheeze and prolonged expiration with some ventilation possible. Aspiration pneumonitis may cause hypoxia but not sudden complete upper airway obstruction. Anaphylaxis would usually involve hypotension, rash or bronchospasm. Tension pneumothorax would cause unilateral chest signs and haemodynamic compromise.

Clinical context: Post-extubation airway obstruction is a perioperative emergency requiring immediate anaesthetic management, including airway manoeuvres, positive pressure and, if needed, suxamethonium.

Guideline anchor: Resuscitation Council UK and standard UK anaesthetic airway management principles

Exam tip: After extubation, sudden obstructed inspiration with minimal air entry suggests laryngospasm.","[{""label"": ""A"", ""text"": ""Laryngospasm""}, {""label"": ""B"", ""text"": ""Bronchospasm""}, {""label"": ""C"", ""text"": ""Aspiration pneumonitis""}, {""label"": ""D"", ""text"": ""Anaphylaxis""}, {""label"": ""E"", ""text"": ""Tension pneumothorax""}]",A,medium,2026-05-11T19:39:12.073982+00:00,2026-05-11T19:39:12.073982+00:00
2e4bab38-711b-40c3-af64-2f5da9ab2232,single_best_answer,A 59-year-old man with decompensated cirrhosis is admitted with 24 hours of increasing confusion. He is disorientated and has a flapping tremor. There is no fever or gastrointestinal bleeding. His wife reports he has been constipated for several days. Which medication is most appropriate to prescribe first?,true,Liver failure can allow toxins from the bowel to affect the brain. Lactulose helps clear these toxins and relieves constipation.,"{""A"": """", ""B"": """", ""C"": ""Confusion with asterixis in a patient with cirrhosis is hepatic encephalopathy, with constipation as a common precipitant. Lactulose is first-line because it reduces intestinal ammonia absorption and treats constipation. Haloperidol may be used cautiously for severe agitation but does not treat the cause and can worsen sedation. Terlipressin is used in variceal bleeding or hepatorenal syndrome. Spironolactone is used for ascites. Propranolol is used for prevention of variceal bleeding and may be inappropriate in acute decompensation."", ""D"": """", ""E"": """"}","Correct answer: C - Lactulose

Confusion with asterixis in a patient with cirrhosis is hepatic encephalopathy, with constipation as a common precipitant. Lactulose is first-line because it reduces intestinal ammonia absorption and treats constipation. Haloperidol may be used cautiously for severe agitation but does not treat the cause and can worsen sedation. Terlipressin is used in variceal bleeding or hepatorenal syndrome. Spironolactone is used for ascites. Propranolol is used for prevention of variceal bleeding and may be inappropriate in acute decompensation.

Clinical context: UK management of hepatic encephalopathy includes identifying and treating precipitants, giving lactulose and considering rifaximin for recurrent episodes or inadequate response.

Guideline anchor: NICE cirrhosis guidance and BNF prescribing principles

Exam tip: Cirrhosis plus confusion and flapping tremor: treat hepatic encephalopathy with lactulose and look for triggers.","[{""label"": ""A"", ""text"": ""Haloperidol""}, {""label"": ""B"", ""text"": ""Terlipressin""}, {""label"": ""C"", ""text"": ""Lactulose""}, {""label"": ""D"", ""text"": ""Spironolactone""}, {""label"": ""E"", ""text"": ""Propranolol""}]",C,medium,2026-05-11T19:39:12.073994+00:00,2026-05-11T19:39:12.073994+00:00
ef40e5a0-4607-47db-b104-9226fad83c36,single_best_answer,"A 34-year-old woman attends the emergency department for the fourth time in 2 months with chest tightness and tingling in her hands. Previous investigations have been normal. Today she is haemodynamically stable, examination is normal, ECG is normal and troponin is not raised. She remains worried that a serious diagnosis is being missed. What is the most appropriate next step in management?",true,"When tests are reassuring, the patient still needs to be taken seriously, given a clear explanation and offered follow-up rather than repeated unnecessary scans.","{""A"": """", ""B"": """", ""C"": """", ""D"": """", ""E"": ""After appropriate assessment has excluded an acute emergency, the best approach is to validate that the symptoms are real, explain the reassuring findings, provide safety-net advice and support continuity through the GP. Admission for repeated broad investigation is not indicated without new red flags. Discharging without explanation is dismissive and may increase anxiety and reattendance. Regular diazepam risks dependence and does not address the problem. Neurology referral is not indicated for transient tingling associated with chest tightness and a normal assessment unless focal neurological signs are present.""}","Correct answer: E - Acknowledge her symptoms, explain the reassuring findings, safety-net and arrange GP follow-up

After appropriate assessment has excluded an acute emergency, the best approach is to validate that the symptoms are real, explain the reassuring findings, provide safety-net advice and support continuity through the GP. Admission for repeated broad investigation is not indicated without new red flags. Discharging without explanation is dismissive and may increase anxiety and reattendance. Regular diazepam risks dependence and does not address the problem. Neurology referral is not indicated for transient tingling associated with chest tightness and a normal assessment unless focal neurological signs are present.

Clinical context: Emergency clinicians should avoid diagnostic overshadowing but also avoid iatrogenic harm from repeated low-yield tests once acute pathology has been reasonably excluded.

Guideline anchor: standard UK clinical practice and NICE principles for patient-centred assessment

Exam tip: For medically unexplained symptoms, validate the symptoms; do not say 'nothing is wrong'.","[{""label"": ""A"", ""text"": ""Admit for inpatient CT pulmonary angiography and echocardiography""}, {""label"": ""B"", ""text"": ""Discharge without explanation because serious disease has been excluded""}, {""label"": ""C"", ""text"": ""Prescribe regular diazepam and advise her to reattend if symptoms recur""}, {""label"": ""D"", ""text"": ""Refer urgently to neurology for investigation of paraesthesia""}, {""label"": ""E"", ""text"": ""Acknowledge her symptoms, explain the reassuring findings, safety-net and arrange GP follow-up""}]",E,medium,2026-05-11T19:39:12.074006+00:00,2026-05-11T19:39:12.074006+00:00
6cf78994-06d3-4d39-9b03-edc3000b7882,single_best_answer,"A 41-year-old man with bipolar affective disorder is brought to hospital with fever and confusion. His antipsychotic dose was increased 5 days ago. He is diaphoretic, blood pressure is 176/104 mmHg, pulse is 124 beats/min and temperature is 39.4°C. Examination shows generalised lead-pipe rigidity with reduced reflexes and no clonus. Creatine kinase is 8,600 IU/L (40-320). What is the most likely diagnosis?",true,"A recent increase in antipsychotic medication followed by fever, confusion, stiff muscles and very high CK is neuroleptic malignant syndrome.","{""A"": """", ""B"": ""Neuroleptic malignant syndrome follows dopamine antagonist use or dose increase and causes fever, altered mental state, autonomic instability, lead-pipe rigidity and markedly raised CK. Serotonin syndrome is more associated with serotonergic drugs, hyperreflexia, clonus and gastrointestinal symptoms. Malignant hyperthermia occurs in relation to anaesthetic agents such as suxamethonium or volatile anaesthetics. Acute dystonia causes focal muscle spasms without severe hyperthermia and CK elevation. Anticholinergic toxicity causes dry skin, mydriasis, urinary retention and delirium rather than severe rigidity."", ""C"": """", ""D"": """", ""E"": """"}","Correct answer: B - Neuroleptic malignant syndrome

Neuroleptic malignant syndrome follows dopamine antagonist use or dose increase and causes fever, altered mental state, autonomic instability, lead-pipe rigidity and markedly raised CK. Serotonin syndrome is more associated with serotonergic drugs, hyperreflexia, clonus and gastrointestinal symptoms. Malignant hyperthermia occurs in relation to anaesthetic agents such as suxamethonium or volatile anaesthetics. Acute dystonia causes focal muscle spasms without severe hyperthermia and CK elevation. Anticholinergic toxicity causes dry skin, mydriasis, urinary retention and delirium rather than severe rigidity.

Clinical context: NMS is a medical emergency requiring stopping the antipsychotic, supportive care, fluid resuscitation and urgent senior medical input.

Guideline anchor: standard UK psychiatric and acute medical practice; BNF adverse drug reaction principles

Exam tip: NMS has lead-pipe rigidity and hyporeflexia; serotonin syndrome has clonus and hyperreflexia.","[{""label"": ""A"", ""text"": ""Serotonin syndrome""}, {""label"": ""B"", ""text"": ""Neuroleptic malignant syndrome""}, {""label"": ""C"", ""text"": ""Malignant hyperthermia""}, {""label"": ""D"", ""text"": ""Acute dystonic reaction""}, {""label"": ""E"", ""text"": ""Anticholinergic toxicity""}]",B,hard,2026-05-11T19:39:12.074019+00:00,2026-05-11T19:39:12.074019+00:00
02c5ec8d-8dfe-42a6-8a90-fd963d9b3fed,single_best_answer,A 32-year-old man with known ankylosing spondylitis phones his GP because his right eye has become painful and red over 12 hours. He has photophobia and blurred vision. There is no discharge. What is the most appropriate next step?,true,"Ankylosing spondylitis can inflame the front of the eye. Pain, light sensitivity and blurred vision need same-day eye specialist review.","{""A"": """", ""B"": """", ""C"": """", ""D"": ""Ankylosing spondylitis is associated with acute anterior uveitis, which presents with painful red eye, photophobia and blurred vision. It requires same-day ophthalmology assessment to prevent complications. Chloramphenicol is for bacterial conjunctivitis, which usually has discharge and gritty discomfort rather than photophobia and visual blurring. Lubricants and reassurance are unsafe. Topical steroids may be needed but should be initiated under ophthalmology guidance because alternative diagnoses such as herpetic keratitis must be excluded."", ""E"": """"}","Correct answer: D - Arrange same-day ophthalmology assessment

Ankylosing spondylitis is associated with acute anterior uveitis, which presents with painful red eye, photophobia and blurred vision. It requires same-day ophthalmology assessment to prevent complications. Chloramphenicol is for bacterial conjunctivitis, which usually has discharge and gritty discomfort rather than photophobia and visual blurring. Lubricants and reassurance are unsafe. Topical steroids may be needed but should be initiated under ophthalmology guidance because alternative diagnoses such as herpetic keratitis must be excluded.

Clinical context: In UK primary and emergency care, a painful red eye with photophobia or reduced vision is an urgent ophthalmology presentation.

Guideline anchor: NICE CKS red eye principles and standard UK ophthalmology practice

Exam tip: Painful photophobic red eye in ankylosing spondylitis is anterior uveitis until proven otherwise.","[{""label"": ""A"", ""text"": ""Prescribe chloramphenicol eye drops and review in 48 hours""}, {""label"": ""B"", ""text"": ""Advise over-the-counter lubricating drops and routine optician review""}, {""label"": ""C"", ""text"": ""Start topical steroid drops and arrange routine rheumatology follow-up""}, {""label"": ""D"", ""text"": ""Arrange same-day ophthalmology assessment""}, {""label"": ""E"", ""text"": ""Reassure him that this is a self-limiting flare of ankylosing spondylitis""}]",D,medium,2026-05-11T19:39:12.074031+00:00,2026-05-11T19:39:12.074031+00:00
0a92fef1-2aa9-42f8-bedb-ca6f999bab73,single_best_answer,"A 67-year-old man develops widespread tender dusky macules and flaccid blisters 2 weeks after starting allopurinol. He has erosions of the lips and conjunctivae, and the epidermis shears with gentle pressure. Stevens-Johnson syndrome/toxic epidermal necrolysis is suspected, but the dermatology team want confirmation and exclusion of blistering mimics. Which investigation is most likely to confirm the diagnosis?",true,A small skin sample can show the characteristic severe death of the top skin layer seen in SJS/TEN.,"{""A"": ""SJS/TEN is primarily a clinical diagnosis, but urgent skin biopsy can confirm full-thickness epidermal necrosis and help exclude mimics such as autoimmune blistering disease or staphylococcal scalded skin syndrome. Bacterial swabs may detect secondary infection but do not confirm SJS/TEN. ANA is not diagnostic. Patch testing is not an acute diagnostic test and is not routinely useful during the acute illness. Tryptase may support anaphylaxis or mast-cell activation, not SJS/TEN."", ""B"": """", ""C"": """", ""D"": """", ""E"": """"}","Correct answer: A - Urgent skin biopsy for histology

SJS/TEN is primarily a clinical diagnosis, but urgent skin biopsy can confirm full-thickness epidermal necrosis and help exclude mimics such as autoimmune blistering disease or staphylococcal scalded skin syndrome. Bacterial swabs may detect secondary infection but do not confirm SJS/TEN. ANA is not diagnostic. Patch testing is not an acute diagnostic test and is not routinely useful during the acute illness. Tryptase may support anaphylaxis or mast-cell activation, not SJS/TEN.

Clinical context: Suspected SJS/TEN requires immediate withdrawal of the culprit drug, urgent dermatology involvement and transfer to an appropriate specialist setting; biopsy should not delay emergency care.

Guideline anchor: British Association of Dermatologists principles and standard UK dermatology practice

Exam tip: SJS/TEN is clinical, but biopsy is the confirmatory test when the diagnosis is uncertain.","[{""label"": ""A"", ""text"": ""Urgent skin biopsy for histology""}, {""label"": ""B"", ""text"": ""Bacterial swab from an intact blister""}, {""label"": ""C"", ""text"": ""Serum antinuclear antibody testing""}, {""label"": ""D"", ""text"": ""Patch testing to allopurinol""}, {""label"": ""E"", ""text"": ""Serum tryptase level""}]",A,hard,2026-05-11T19:39:12.074043+00:00,2026-05-11T19:39:12.074043+00:00
161f2af1-4a99-4f78-889a-802f30b65d14,single_best_answer,A 58-year-old man has had three episodes of sudden loss of consciousness over 4 months. Each episode occurs without warning while sitting and is preceded by brief palpitations. Recovery is rapid. Examination and resting 12-lead ECG are normal. Which investigation is most appropriate to identify the cause?,true,"If fainting episodes are months apart, short heart monitors often miss them. A loop recorder can monitor the rhythm for much longer.","{""A"": """", ""B"": """", ""C"": ""Syncope without warning, occurring while sitting and preceded by palpitations suggests an arrhythmic cause. Because episodes are infrequent, a 24-hour Holter monitor is unlikely to capture an event. An implantable loop recorder provides long-term rhythm monitoring and is appropriate. EEG is not indicated when the history favours syncope rather than epilepsy. Tilt-table testing is more useful for suspected reflex syncope when arrhythmia is less likely. Carotid Doppler ultrasound does not investigate syncope unless there are focal neurological features suggesting vascular disease."", ""D"": """", ""E"": """"}","Correct answer: C - Implantable loop recorder

Syncope without warning, occurring while sitting and preceded by palpitations suggests an arrhythmic cause. Because episodes are infrequent, a 24-hour Holter monitor is unlikely to capture an event. An implantable loop recorder provides long-term rhythm monitoring and is appropriate. EEG is not indicated when the history favours syncope rather than epilepsy. Tilt-table testing is more useful for suspected reflex syncope when arrhythmia is less likely. Carotid Doppler ultrasound does not investigate syncope unless there are focal neurological features suggesting vascular disease.

Clinical context: UK assessment of transient loss of consciousness includes ECG for all patients and targeted ambulatory ECG monitoring when arrhythmia is suspected.

Guideline anchor: NICE guidance on transient loss of consciousness in adults and young people

Exam tip: Choose ambulatory ECG duration based on symptom frequency; very infrequent suspected arrhythmias need long-term monitoring.","[{""label"": ""A"", ""text"": ""24-hour Holter monitor""}, {""label"": ""B"", ""text"": ""Electroencephalogram""}, {""label"": ""C"", ""text"": ""Implantable loop recorder""}, {""label"": ""D"", ""text"": ""Tilt-table test""}, {""label"": ""E"", ""text"": ""Carotid Doppler ultrasound""}]",C,medium,2026-05-11T19:39:12.074054+00:00,2026-05-11T19:39:12.074054+00:00
617f226c-33a6-4316-9945-023936c16aea,single_best_answer,"A 27-year-old woman is brought to the emergency department in January with headache, dizziness and nausea. Her partner and child have similar symptoms. They all improved while staying with relatives over the weekend, but symptoms returned after going home. Oxygen saturation is 99% on air. Venous blood gas shows carboxyhaemoglobin 19% (non-smoker usually <3%). What is the most likely diagnosis?",true,"Several people becoming unwell at home, improving away and having a raised carboxyhaemoglobin level is carbon monoxide poisoning. A normal oxygen saturation does not exclude it.","{""A"": """", ""B"": ""Carbon monoxide poisoning causes non-specific symptoms such as headache, dizziness and nausea. Clustering among household members, worsening at home and improvement away from home strongly suggest an environmental exposure. Pulse oximetry may be falsely normal because it cannot reliably distinguish oxyhaemoglobin from carboxyhaemoglobin. A carboxyhaemoglobin level of 19% in a non-smoker supports the diagnosis. Viral gastroenteritis would not typically improve away from home and recur on return. Cyanide poisoning is usually associated with smoke inhalation or industrial exposure and severe lactic acidosis. Meningitis would usually cause fever, neck stiffness or altered consciousness. Salicylate poisoning causes tinnitus, hyperventilation and acid-base disturbance."", ""C"": """", ""D"": """", ""E"": """"}","Correct answer: B - Carbon monoxide poisoning

Carbon monoxide poisoning causes non-specific symptoms such as headache, dizziness and nausea. Clustering among household members, worsening at home and improvement away from home strongly suggest an environmental exposure. Pulse oximetry may be falsely normal because it cannot reliably distinguish oxyhaemoglobin from carboxyhaemoglobin. A carboxyhaemoglobin level of 19% in a non-smoker supports the diagnosis. Viral gastroenteritis would not typically improve away from home and recur on return. Cyanide poisoning is usually associated with smoke inhalation or industrial exposure and severe lactic acidosis. Meningitis would usually cause fever, neck stiffness or altered consciousness. Salicylate poisoning causes tinnitus, hyperventilation and acid-base disturbance.

Clinical context: Suspected carbon monoxide poisoning requires high-flow oxygen, assessment of severity and advice to avoid returning to the exposure until the source is made safe.

Guideline anchor: UKHSA and standard UK emergency medicine practice

Exam tip: Normal pulse oximetry does not rule out carbon monoxide poisoning.","[{""label"": ""A"", ""text"": ""Viral gastroenteritis""}, {""label"": ""B"", ""text"": ""Carbon monoxide poisoning""}, {""label"": ""C"", ""text"": ""Cyanide poisoning""}, {""label"": ""D"", ""text"": ""Bacterial meningitis""}, {""label"": ""E"", ""text"": ""Salicylate poisoning""}]",B,medium,2026-05-11T19:39:12.074066+00:00,2026-05-11T19:39:12.074066+00:00
0bcf1cdf-b5d4-4d25-be55-0a4dabedd6d2,single_best_answer,"A 68-year-old man is brought to the emergency department with a generalised tonic-clonic seizure that has continued for 18 minutes. His airway is supported, high-flow oxygen is being given and capillary blood glucose is 6.1 mmol/L. He has received two appropriate doses of intravenous lorazepam but continues to convulse. What is the most appropriate next step in management?",true,"If a seizure continues after two doses of lorazepam, move to a longer-acting intravenous anti-seizure drug rather than repeating sedatives or waiting.","{""A"": """", ""B"": """", ""C"": ""This patient has established convulsive status epilepticus and has not responded to two doses of intravenous lorazepam. The next step is an intravenous longer-acting antiseizure medicine such as levetiracetam, alongside ongoing ABC support and senior escalation. A third benzodiazepine dose increases the risk of respiratory depression and is not the usual next step after two adequate doses. CT head may be needed later to identify a cause but must not delay seizure control. Oral carbamazepine is not appropriate in ongoing convulsive status epilepticus. Observation alone is unsafe."", ""D"": """", ""E"": """"}","Correct answer: C - Give intravenous levetiracetam

This patient has established convulsive status epilepticus and has not responded to two doses of intravenous lorazepam. The next step is an intravenous longer-acting antiseizure medicine such as levetiracetam, alongside ongoing ABC support and senior escalation. A third benzodiazepine dose increases the risk of respiratory depression and is not the usual next step after two adequate doses. CT head may be needed later to identify a cause but must not delay seizure control. Oral carbamazepine is not appropriate in ongoing convulsive status epilepticus. Observation alone is unsafe.

Clinical context: In UK emergency departments, status epilepticus is managed using a stepwise protocol with early airway support, glucose correction, benzodiazepines, second-line intravenous antiseizure medication and escalation to anaesthesia or critical care if refractory.

Guideline anchor: NICE and Resus Council UK principles for convulsive status epilepticus management

Exam tip: After two adequate benzodiazepine doses, think second-line IV antiseizure therapy and senior escalation.","[{""label"": ""A"", ""text"": ""Arrange urgent CT head before further drug treatment""}, {""label"": ""B"", ""text"": ""Give a third dose of intravenous lorazepam""}, {""label"": ""C"", ""text"": ""Give intravenous levetiracetam""}, {""label"": ""D"", ""text"": ""Give oral carbamazepine via a nasogastric tube""}, {""label"": ""E"", ""text"": ""Observe for spontaneous seizure termination""}]",C,medium,2026-05-11T19:39:12.074078+00:00,2026-05-11T19:39:12.074078+00:00
c50ce2d9-9709-4fbf-ae02-38c7af369cf8,single_best_answer,"A 47-year-old woman has 6 months of gritty, burning eyes and recurrent small eyelid swellings. Examination shows telangiectasia at the posterior lid margins and thick oily secretions from the meibomian gland openings when the lid is gently pressed. The conjunctiva is mildly injected and visual acuity is normal. What is the most likely diagnosis?",true,Blocked oily glands along the eyelid margin can cause chronic irritation and recurrent lid lumps. This is posterior blepharitis.,"{""A"": """", ""B"": """", ""C"": """", ""D"": ""Posterior blepharitis is caused by meibomian gland dysfunction and presents with gritty, burning eyes, oily tear film, telangiectasia at the posterior lid margin and thick gland secretions. Anterior staphylococcal blepharitis more typically causes crusting and collarettes around the eyelashes. A chalazion is a discrete, usually painless tarsal plate lump. Entropion is inward turning of the eyelid causing lashes to rub on the eye. Xanthelasma causes yellow plaques around the eyelids rather than inflamed gland openings."", ""E"": """"}","Correct answer: D - Posterior blepharitis

Posterior blepharitis is caused by meibomian gland dysfunction and presents with gritty, burning eyes, oily tear film, telangiectasia at the posterior lid margin and thick gland secretions. Anterior staphylococcal blepharitis more typically causes crusting and collarettes around the eyelashes. A chalazion is a discrete, usually painless tarsal plate lump. Entropion is inward turning of the eyelid causing lashes to rub on the eye. Xanthelasma causes yellow plaques around the eyelids rather than inflamed gland openings.

Clinical context: Meibomian gland dysfunction is common in primary care and optometry presentations and is usually managed with lid hygiene, warm compresses and treatment of associated dry eye or rosacea when present.

Guideline anchor: standard UK clinical practice

Exam tip: Meibomian gland dysfunction points to posterior blepharitis; lash crusting points more towards anterior blepharitis.","[{""label"": ""A"", ""text"": ""Anterior staphylococcal blepharitis""}, {""label"": ""B"", ""text"": ""Chalazion""}, {""label"": ""C"", ""text"": ""Entropion""}, {""label"": ""D"", ""text"": ""Posterior blepharitis""}, {""label"": ""E"", ""text"": ""Xanthelasma""}]",D,hard,2026-05-11T19:39:12.074090+00:00,2026-05-11T19:39:12.074090+00:00
b249d7e5-dc80-4c52-8f99-eead3ea61ef9,single_best_answer,A 32-year-old man is treated in an eye casualty clinic for acute anterior uveitis. Cyclopentolate drops have been instilled and his vision is blurred in the affected eye. He says he intends to drive himself home immediately because he has parked nearby. What is the most appropriate action?,true,"If eye drops make vision blurry, the patient should not drive until vision returns to normal. The clinician should explain this and help them get home safely.","{""A"": ""Cycloplegic drops can blur vision and affect accommodation, making driving unsafe. The doctor should clearly advise the patient not to drive until vision has recovered and help arrange safe transport. Covering one eye is not a safe workaround because it reduces depth perception and may not meet driving standards. Immediate DVLA notification is not the first step for a temporary, treatment-related impairment; disclosure without consent is considered only if a patient continues to drive despite clear advice and poses a serious risk. Physically taking keys is usually not appropriate except in exceptional immediate danger. Documentation alone is insufficient without clear safety advice."", ""B"": """", ""C"": """", ""D"": """", ""E"": """"}","Correct answer: A - Advise him not to drive until his vision has recovered and help arrange alternative transport

Cycloplegic drops can blur vision and affect accommodation, making driving unsafe. The doctor should clearly advise the patient not to drive until vision has recovered and help arrange safe transport. Covering one eye is not a safe workaround because it reduces depth perception and may not meet driving standards. Immediate DVLA notification is not the first step for a temporary, treatment-related impairment; disclosure without consent is considered only if a patient continues to drive despite clear advice and poses a serious risk. Physically taking keys is usually not appropriate except in exceptional immediate danger. Documentation alone is insufficient without clear safety advice.

Clinical context: Patients attending UK eye casualty may receive dilating or cycloplegic drops. Clinicians should warn about temporary visual impairment and driving safety.

Guideline anchor: GMC confidentiality and public safety principles; DVLA visual standards principles

Exam tip: For driving risk, advise the patient first; consider breaching confidentiality only if they ignore advice and create serious risk to others.","[{""label"": ""A"", ""text"": ""Advise him not to drive until his vision has recovered and help arrange alternative transport""}, {""label"": ""B"", ""text"": ""Allow him to drive if he covers the affected eye""}, {""label"": ""C"", ""text"": ""Notify the DVLA immediately without discussing this with him""}, {""label"": ""D"", ""text"": ""Physically take his car keys and refuse to return them""}, {""label"": ""E"", ""text"": ""Document the discussion but give no specific advice about driving""}]",A,medium,2026-05-11T19:39:12.074102+00:00,2026-05-11T19:39:12.074102+00:00
0eb7c230-3f85-4f3a-b6cc-09f290c47650,single_best_answer,A 29-year-old man with gambling disorder says he mainly plays online slot games because he never knows when a win will occur. Occasional unpredictable wins keep him playing for hours despite repeated losses. Which learning mechanism best explains the persistence of this behaviour?,true,"Unpredictable wins are especially powerful because the person keeps trying, not knowing which attempt might pay out.","{""A"": """", ""B"": """", ""C"": """", ""D"": ""Gambling machines and online slot games use unpredictable rewards delivered after an uncertain number of responses, which is a variable-ratio reinforcement schedule. This produces high and persistent response rates and is resistant to extinction. Fixed-interval reinforcement gives rewards after a set time interval. Negative reinforcement involves removing an unpleasant stimulus. Classical conditioning is learning by association between stimuli. Vicarious learning involves learning by observing others."", ""E"": """"}","Correct answer: D - Variable-ratio operant reinforcement

Gambling machines and online slot games use unpredictable rewards delivered after an uncertain number of responses, which is a variable-ratio reinforcement schedule. This produces high and persistent response rates and is resistant to extinction. Fixed-interval reinforcement gives rewards after a set time interval. Negative reinforcement involves removing an unpleasant stimulus. Classical conditioning is learning by association between stimuli. Vicarious learning involves learning by observing others.

Clinical context: Understanding reinforcement schedules helps explain why gambling behaviours can persist despite harm and why behavioural interventions target triggers, urges and reward patterns.

Guideline anchor: standard behavioural science principles used in UK mental health practice

Exam tip: Unpredictable reward after a variable number of responses equals variable-ratio reinforcement.","[{""label"": ""A"", ""text"": ""Classical conditioning by pairing gambling with withdrawal symptoms""}, {""label"": ""B"", ""text"": ""Fixed-interval reinforcement""}, {""label"": ""C"", ""text"": ""Negative reinforcement through avoidance of punishment""}, {""label"": ""D"", ""text"": ""Variable-ratio operant reinforcement""}, {""label"": ""E"", ""text"": ""Vicarious learning through modelling""}]",D,medium,2026-05-11T19:39:12.074116+00:00,2026-05-11T19:39:12.074116+00:00
4659128c-b8ef-4d3b-bf93-02941c2e5a5a,single_best_answer,"A 71-year-old man presents with 3 weeks of worsening breathlessness and weight loss. Chest x-ray shows a moderate unilateral left pleural effusion. He is afebrile and haemodynamically stable, with no known heart failure. What is the most appropriate initial investigation to determine the cause of the effusion?",true,"When one side has unexplained fluid around the lung, take a guided sample of the fluid to find out whether it is due to cancer, infection or another cause.","{""A"": """", ""B"": """", ""C"": """", ""D"": """", ""E"": ""An unexplained unilateral pleural effusion should be investigated with image-guided diagnostic pleural aspiration, sending fluid for biochemistry, cytology and microbiology as appropriate. Bronchoscopy may be indicated later if an endobronchial lesion is suspected but is not the initial test to characterise the effusion. CT pulmonary angiography and D-dimer are used when pulmonary embolism is suspected. Peak flow does not investigate pleural fluid.""}","Correct answer: E - Ultrasound-guided diagnostic pleural aspiration

An unexplained unilateral pleural effusion should be investigated with image-guided diagnostic pleural aspiration, sending fluid for biochemistry, cytology and microbiology as appropriate. Bronchoscopy may be indicated later if an endobronchial lesion is suspected but is not the initial test to characterise the effusion. CT pulmonary angiography and D-dimer are used when pulmonary embolism is suspected. Peak flow does not investigate pleural fluid.

Clinical context: In UK respiratory practice, thoracic ultrasound is used to confirm a safe site for pleural aspiration and reduce complications.

Guideline anchor: British Thoracic Society pleural disease guidance and standard UK clinical practice

Exam tip: Unilateral unexplained effusion usually needs diagnostic aspiration unless there is a clear transudative cause such as obvious heart failure.","[{""label"": ""A"", ""text"": ""Bronchoscopy""}, {""label"": ""B"", ""text"": ""CT pulmonary angiography""}, {""label"": ""C"", ""text"": ""Peak expiratory flow measurement""}, {""label"": ""D"", ""text"": ""Serum D-dimer""}, {""label"": ""E"", ""text"": ""Ultrasound-guided diagnostic pleural aspiration""}]",E,medium,2026-05-11T19:39:12.074127+00:00,2026-05-11T19:39:12.074127+00:00
916fc41d-5b1d-49eb-bd61-4e7c8f1e33ec,single_best_answer,"A varicella-zoster virus IgG test is used to identify immunity in healthcare workers. In a group where 90% are truly immune, the test sensitivity is 95% and specificity is 90%. Approximately what is the positive predictive value of the test in this group?",true,"Most people in this group are already immune, so a positive test is very likely to be a true positive.","{""A"": """", ""B"": """", ""C"": """", ""D"": """", ""E"": ""Imagine 10,000 healthcare workers. If 90% are immune, 9,000 are truly immune and 1,000 are not. With 95% sensitivity, 8,550 immune workers test positive. With 90% specificity, 10% of the 1,000 non-immune workers test falsely positive, giving 100 false positives. Positive predictive value is true positives divided by all positive tests: 8,550 divided by 8,650, which is about 98.8%, approximately 99%.""}","Correct answer: E - 99%

Imagine 10,000 healthcare workers. If 90% are immune, 9,000 are truly immune and 1,000 are not. With 95% sensitivity, 8,550 immune workers test positive. With 90% specificity, 10% of the 1,000 non-immune workers test falsely positive, giving 100 false positives. Positive predictive value is true positives divided by all positive tests: 8,550 divided by 8,650, which is about 98.8%, approximately 99%.

Clinical context: Varicella immunity testing is relevant in healthcare settings because susceptible staff exposed to varicella may require occupational health advice and post-exposure management.

Guideline anchor: standard epidemiological principles; UKHSA varicella occupational health principles

Exam tip: For predictive values, build a 2 by 2 table using an easy denominator such as 10,000.","[{""label"": ""A"", ""text"": ""46%""}, {""label"": ""B"", ""text"": ""86%""}, {""label"": ""C"", ""text"": ""90%""}, {""label"": ""D"", ""text"": ""95%""}, {""label"": ""E"", ""text"": ""99%""}]",E,hard,2026-05-11T19:39:12.074139+00:00,2026-05-11T19:39:12.074139+00:00
c3e18458-7b85-4a59-96e4-6fe850baf645,single_best_answer,A 42-year-old man with a fixed belief that he is under surveillance describes a recent experience. He saw a passer-by tying a shoelace and immediately knew this ordinary event meant that MI5 had marked his house for monitoring. He accepts that the visual perception itself was normal but is certain of its special meaning. Which psychopathological phenomenon is this?,true,"The person really saw the shoelace being tied, but attached a false, fixed and highly personal meaning to it.","{""A"": """", ""B"": """", ""C"": """", ""D"": """", ""E"": ""Delusional perception occurs when a real, correctly perceived event is given a new, abnormal and delusional meaning. Here, the passer-by tying a shoelace is perceived normally but interpreted as proof of MI5 surveillance. An auditory hallucination is a perception of sound without an external stimulus. Delusional mood is a vague sense that something significant or ominous is happening before a delusion crystallises. Obsessional rumination is intrusive, repetitive thought recognised as originating from the person's own mind and usually resisted. An overvalued idea is an understandable but dominant belief, not held with delusional intensity.""}","Correct answer: E - Delusional perception

Delusional perception occurs when a real, correctly perceived event is given a new, abnormal and delusional meaning. Here, the passer-by tying a shoelace is perceived normally but interpreted as proof of MI5 surveillance. An auditory hallucination is a perception of sound without an external stimulus. Delusional mood is a vague sense that something significant or ominous is happening before a delusion crystallises. Obsessional rumination is intrusive, repetitive thought recognised as originating from the person's own mind and usually resisted. An overvalued idea is an understandable but dominant belief, not held with delusional intensity.

Clinical context: Psychopathology terms are used in UK mental state examination to describe the form of abnormal experiences, not just their content.

Guideline anchor: standard UK psychiatric psychopathology teaching

Exam tip: Normal perception plus delusional meaning equals delusional perception.","[{""label"": ""A"", ""text"": ""Auditory hallucination""}, {""label"": ""B"", ""text"": ""Delusional mood""}, {""label"": ""C"", ""text"": ""Obsessional rumination""}, {""label"": ""D"", ""text"": ""Overvalued idea""}, {""label"": ""E"", ""text"": ""Delusional perception""}]",E,hard,2026-05-11T19:39:12.074150+00:00,2026-05-11T19:39:12.074150+00:00
68bfe297-858e-4beb-bb48-722944dc7715,single_best_answer,"A 36-year-old woman at 35+2 weeks' gestation has known placenta praevia. She presents with sudden heavy painless vaginal bleeding. Her pulse is 124/min, blood pressure is 86/52 mmHg and the fetal heart rate is 90/min. The fetus is in a transverse lie. What is the most appropriate management?",true,Heavy bleeding from placenta praevia with shock and a slow fetal heart rate is an emergency: resuscitate the mother and deliver by emergency caesarean.,"{""A"": ""This is major antepartum haemorrhage in a woman with known placenta praevia, maternal shock and fetal bradycardia. The correct management is immediate senior obstetric, anaesthetic and neonatal involvement, activation of the major haemorrhage protocol, maternal resuscitation with blood products as required and emergency caesarean birth. Digital vaginal examination is contraindicated in placenta praevia because it may worsen bleeding. Outpatient management and waiting for further imaging are unsafe. Induction with vaginal prostaglandin is inappropriate with major placenta praevia, transverse lie and fetal compromise."", ""B"": """", ""C"": """", ""D"": """", ""E"": """"}","Correct answer: A - Activate the obstetric major haemorrhage protocol, resuscitate and proceed to emergency caesarean birth

This is major antepartum haemorrhage in a woman with known placenta praevia, maternal shock and fetal bradycardia. The correct management is immediate senior obstetric, anaesthetic and neonatal involvement, activation of the major haemorrhage protocol, maternal resuscitation with blood products as required and emergency caesarean birth. Digital vaginal examination is contraindicated in placenta praevia because it may worsen bleeding. Outpatient management and waiting for further imaging are unsafe. Induction with vaginal prostaglandin is inappropriate with major placenta praevia, transverse lie and fetal compromise.

Clinical context: In UK maternity units, major antepartum haemorrhage is managed as an obstetric emergency with multidisciplinary response and maternal stabilisation alongside planning urgent birth when indicated.

Guideline anchor: RCOG and NICE principles for antepartum haemorrhage and placenta praevia management

Exam tip: In placenta praevia, avoid digital vaginal examination; unstable mother or compromised fetus means emergency escalation and usually caesarean birth.","[{""label"": ""A"", ""text"": ""Activate the obstetric major haemorrhage protocol, resuscitate and proceed to emergency caesarean birth""}, {""label"": ""B"", ""text"": ""Arrange outpatient corticosteroids and review in 48 hours""}, {""label"": ""C"", ""text"": ""Perform a digital vaginal examination to assess cervical dilatation""}, {""label"": ""D"", ""text"": ""Start induction of labour with vaginal prostaglandin""}, {""label"": ""E"", ""text"": ""Wait for ultrasound confirmation before calling the obstetric team""}]",A,hard,2026-05-11T19:39:12.074163+00:00,2026-05-11T19:39:12.074163+00:00
5d6e423c-15ba-407c-bc34-7f68efd4dba9,single_best_answer,A 69-year-old man has symptomatic knee osteoarthritis despite regular exercise and weight loss advice. He has stage 3 chronic kidney disease and a previous bleeding peptic ulcer. He asks for analgesia for activity-related knee pain. What is the most appropriate initial pharmacological treatment?,true,"For knee arthritis pain, an anti-inflammatory gel can help and is safer than anti-inflammatory tablets in someone with kidney disease and ulcer history.","{""A"": """", ""B"": """", ""C"": """", ""D"": """", ""E"": ""Topical NSAIDs are recommended for knee osteoarthritis and have lower systemic adverse-effect risk than oral NSAIDs, making them suitable in a patient with chronic kidney disease and previous peptic ulcer bleeding. Oral diclofenac without gastroprotection is unsafe and increases renal, gastrointestinal and cardiovascular risks. Codeine may be considered only in selected cases and is not preferred initially due to adverse effects and dependence risk. Glucosamine is not recommended as a disease-modifying or analgesic treatment. Regular oral prednisolone is not a standard treatment for osteoarthritis.""}","Correct answer: E - Topical non-steroidal anti-inflammatory gel

Topical NSAIDs are recommended for knee osteoarthritis and have lower systemic adverse-effect risk than oral NSAIDs, making them suitable in a patient with chronic kidney disease and previous peptic ulcer bleeding. Oral diclofenac without gastroprotection is unsafe and increases renal, gastrointestinal and cardiovascular risks. Codeine may be considered only in selected cases and is not preferred initially due to adverse effects and dependence risk. Glucosamine is not recommended as a disease-modifying or analgesic treatment. Regular oral prednisolone is not a standard treatment for osteoarthritis.

Clinical context: UK osteoarthritis care emphasises education, exercise and weight management, with topical NSAIDs commonly used for localised knee or hand symptoms.

Guideline anchor: NICE osteoarthritis guidance

Exam tip: For knee or hand osteoarthritis, topical NSAIDs are often the first pharmacological choice, especially if oral NSAIDs are risky.","[{""label"": ""A"", ""text"": ""Codeine modified-release tablets""}, {""label"": ""B"", ""text"": ""Glucosamine capsules""}, {""label"": ""C"", ""text"": ""Oral diclofenac with no gastroprotection""}, {""label"": ""D"", ""text"": ""Regular oral prednisolone""}, {""label"": ""E"", ""text"": ""Topical non-steroidal anti-inflammatory gel""}]",E,medium,2026-05-11T19:39:12.074177+00:00,2026-05-11T19:39:12.074177+00:00
39c4c22f-c2eb-41d2-9502-56bcf89f6bd8,single_best_answer,"A 3-year-old child has had fever for 6 days with bilateral non-purulent conjunctivitis, cracked red lips, a strawberry tongue, cervical lymphadenopathy and a widespread rash. Kawasaki disease is suspected. Which investigation is most important to assess for the main complication?",true,"Kawasaki disease can damage the coronary arteries, so an ultrasound scan of the heart is needed.","{""A"": """", ""B"": ""The major complication of Kawasaki disease is coronary artery aneurysm or other coronary involvement, assessed with echocardiography. CT brain and EEG are not relevant to the main complication. Lumbar puncture may be considered if meningitis is suspected, but it does not assess Kawasaki complications. Renal ultrasound is not the key investigation."", ""C"": """", ""D"": """", ""E"": """"}","Correct answer: B - Echocardiography

The major complication of Kawasaki disease is coronary artery aneurysm or other coronary involvement, assessed with echocardiography. CT brain and EEG are not relevant to the main complication. Lumbar puncture may be considered if meningitis is suspected, but it does not assess Kawasaki complications. Renal ultrasound is not the key investigation.

Clinical context: Children with suspected Kawasaki disease require urgent paediatric assessment, treatment with intravenous immunoglobulin and aspirin when indicated, and cardiac imaging follow-up.

Guideline anchor: NICE and standard UK paediatric practice for Kawasaki disease assessment

Exam tip: Kawasaki disease complication equals coronary artery aneurysm; investigation equals echocardiography.","[{""label"": ""A"", ""text"": ""CT brain""}, {""label"": ""B"", ""text"": ""Echocardiography""}, {""label"": ""C"", ""text"": ""Electroencephalography""}, {""label"": ""D"", ""text"": ""Lumbar puncture""}, {""label"": ""E"", ""text"": ""Renal ultrasound""}]",B,easy,2026-05-11T19:39:12.074189+00:00,2026-05-11T19:39:12.074189+00:00
c51bc834-bda5-4fd4-b755-2d7f70733502,single_best_answer,"A 62-year-old woman presents with tiredness, glossitis and numbness in both feet. Blood tests show Hb 91 g/L (115-160), MCV 112 fL (80-100), vitamin B12 82 ng/L (180-900) and folate 6 micrograms/L (3-20). Intrinsic factor antibodies are positive. Which medication regimen is most appropriate?",true,"Low B12 can damage nerves. Because she has numbness, she needs frequent B12 injections at first, then lifelong maintenance injections.","{""A"": ""This patient has vitamin B12 deficiency due to pernicious anaemia and neurological symptoms. The best treatment is intramuscular hydroxocobalamin 1 mg on alternate days until there is no further neurological improvement, followed by maintenance every 2 months. Three-monthly injections without loading doses are used for maintenance in uncomplicated B12 deficiency and are insufficient here. Folic acid alone may worsen neurological complications if B12 deficiency is untreated. Low-dose oral cyanocobalamin is not appropriate for pernicious anaemia with neurological signs. Iron is not the primary deficiency."", ""B"": """", ""C"": """", ""D"": """", ""E"": """"}","Correct answer: A - Hydroxocobalamin 1 mg intramuscularly on alternate days until no further improvement, then every 2 months

This patient has vitamin B12 deficiency due to pernicious anaemia and neurological symptoms. The best treatment is intramuscular hydroxocobalamin 1 mg on alternate days until there is no further neurological improvement, followed by maintenance every 2 months. Three-monthly injections without loading doses are used for maintenance in uncomplicated B12 deficiency and are insufficient here. Folic acid alone may worsen neurological complications if B12 deficiency is untreated. Low-dose oral cyanocobalamin is not appropriate for pernicious anaemia with neurological signs. Iron is not the primary deficiency.

Clinical context: In UK practice, suspected pernicious anaemia with neurological features is treated promptly with parenteral B12 and does not wait for specialist review.

Guideline anchor: BNF and NICE Clinical Knowledge Summaries guidance on anaemia due to vitamin B12 deficiency

Exam tip: Neurological symptoms in B12 deficiency mean alternate-day hydroxocobalamin loading and 2-monthly maintenance.","[{""label"": ""A"", ""text"": ""Hydroxocobalamin 1 mg intramuscularly on alternate days until no further improvement, then every 2 months""}, {""label"": ""B"", ""text"": ""Hydroxocobalamin 1 mg intramuscularly once every 3 months without loading doses""}, {""label"": ""C"", ""text"": ""Folic acid 5 mg orally once daily for 4 months""}, {""label"": ""D"", ""text"": ""Cyanocobalamin 50 micrograms orally once daily for 4 weeks""}, {""label"": ""E"", ""text"": ""Ferrous sulfate 200 mg orally three times daily for 3 months""}]",A,easy,2026-05-11T19:39:12.074200+00:00,2026-05-11T19:39:12.074200+00:00
2a059ae2-7e41-4506-9eb2-5e63319058f4,single_best_answer,A 78-year-old man with atrial fibrillation develops sudden severe pain in his left leg 2 hours after stopping his anticoagulant for a dental procedure. The foot is cold and pale with absent dorsalis pedis and posterior tibial pulses. He has reduced sensation over the toes and weak ankle dorsiflexion. What is the most appropriate immediate next step?,true,"A blocked artery is starving the leg of blood. Because the nerves are already affected, the leg may be lost unless vascular treatment starts immediately.","{""A"": ""Sudden pain, pallor, coldness, absent pulses and neurological signs indicate acute limb ischaemia, likely embolic from atrial fibrillation. Sensory and motor deficits mean the limb is threatened and requires urgent vascular surgery input and immediate intravenous unfractionated heparin unless contraindicated. Imaging may be useful but must not delay senior vascular assessment in a threatened limb. Aspirin alone or delayed outpatient imaging is unsafe. Compression stockings and venous Doppler are for venous disease, not arterial occlusion."", ""B"": """", ""C"": """", ""D"": """", ""E"": """"}","Correct answer: A - Urgent vascular surgery referral and immediate intravenous unfractionated heparin

Sudden pain, pallor, coldness, absent pulses and neurological signs indicate acute limb ischaemia, likely embolic from atrial fibrillation. Sensory and motor deficits mean the limb is threatened and requires urgent vascular surgery input and immediate intravenous unfractionated heparin unless contraindicated. Imaging may be useful but must not delay senior vascular assessment in a threatened limb. Aspirin alone or delayed outpatient imaging is unsafe. Compression stockings and venous Doppler are for venous disease, not arterial occlusion.

Clinical context: Acute limb ischaemia is a time-critical vascular emergency in UK emergency departments and requires same-day specialist assessment.

Guideline anchor: Vascular Society principles and standard UK emergency vascular practice

Exam tip: Motor or sensory loss in acute limb ischaemia means a threatened limb: call vascular surgery and start IV heparin.","[{""label"": ""A"", ""text"": ""Urgent vascular surgery referral and immediate intravenous unfractionated heparin""}, {""label"": ""B"", ""text"": ""Arrange outpatient arterial duplex ultrasound within 2 weeks""}, {""label"": ""C"", ""text"": ""Give aspirin and review the limb after 6 hours""}, {""label"": ""D"", ""text"": ""Request CT angiography before contacting a vascular surgeon""}, {""label"": ""E"", ""text"": ""Apply graduated compression stockings and arrange venous Doppler ultrasound""}]",A,hard,2026-05-11T19:39:12.074213+00:00,2026-05-11T19:39:12.074213+00:00
61c08a5a-c0a4-49c9-b40e-2921e4a3e7ab,single_best_answer,"A 46-year-old woman is 24 hours post-total thyroidectomy. She develops perioral tingling, carpopedal spasm and feels faint. ECG shows a prolonged QT interval. Blood tests show adjusted calcium 1.62 mmol/L (2.20-2.60). What is the most appropriate immediate management?",true,"Her calcium is dangerously low and affecting muscles and heart rhythm, so calcium must be given directly into a vein while monitoring the heart.","{""A"": """", ""B"": ""This patient has symptomatic hypocalcaemia after thyroidectomy, likely due to hypoparathyroidism. Tetany and QT prolongation make this an emergency requiring intravenous calcium gluconate with cardiac monitoring. Oral calcium may be used for mild or maintenance treatment but is too slow here. Zoledronic acid is used for hypercalcaemia, not hypocalcaemia. Salbutamol treats hyperkalaemia or bronchospasm. Treatment should not wait for parathyroid hormone results."", ""C"": """", ""D"": """", ""E"": """"}","Correct answer: B - Intravenous calcium gluconate with cardiac monitoring

This patient has symptomatic hypocalcaemia after thyroidectomy, likely due to hypoparathyroidism. Tetany and QT prolongation make this an emergency requiring intravenous calcium gluconate with cardiac monitoring. Oral calcium may be used for mild or maintenance treatment but is too slow here. Zoledronic acid is used for hypercalcaemia, not hypocalcaemia. Salbutamol treats hyperkalaemia or bronchospasm. Treatment should not wait for parathyroid hormone results.

Clinical context: Post-thyroidectomy hypocalcaemia is a recognised complication and symptomatic cases need urgent treatment on an acute surgical or endocrine pathway.

Guideline anchor: BNF and standard UK endocrine emergency practice

Exam tip: Tetany, seizures or prolonged QT with low calcium require IV calcium gluconate.","[{""label"": ""A"", ""text"": ""Oral calcium carbonate and routine outpatient follow-up""}, {""label"": ""B"", ""text"": ""Intravenous calcium gluconate with cardiac monitoring""}, {""label"": ""C"", ""text"": ""Intravenous zoledronic acid and 0.9% sodium chloride""}, {""label"": ""D"", ""text"": ""Nebulised salbutamol and repeat calcium in 4 hours""}, {""label"": ""E"", ""text"": ""Wait for parathyroid hormone results before treating""}]",B,medium,2026-05-11T19:39:12.074225+00:00,2026-05-11T19:39:12.074225+00:00
26d2ada9-a454-465e-a97e-e04e2194fb64,single_best_answer,"A 22-year-old man is being investigated on a suspected testicular cancer pathway. He tells the urology doctor that he does not want his mother to know anything about his condition. Later that day, his mother phones the ward asking whether he has cancer and what treatment is planned. What is the most appropriate response?",true,"Even if his mother is worried, the information belongs to the patient. Doctors should support him to share it, but cannot share it for him without permission.","{""A"": """", ""B"": ""An adult patient with capacity has the right to confidentiality. The doctor should not disclose diagnosis, investigations or treatment plans to relatives without consent. It is appropriate to encourage the patient to involve trusted family or friends for support, but disclosure cannot be forced unless there is an overriding public interest or serious risk to others, which is not present here. Being next of kin does not automatically grant access to clinical information. Confirming attendance may itself breach confidentiality if the patient has not consented."", ""C"": """", ""D"": """", ""E"": """"}","Correct answer: B - Explain that clinical information cannot be shared without his consent and encourage him to discuss support with his family

An adult patient with capacity has the right to confidentiality. The doctor should not disclose diagnosis, investigations or treatment plans to relatives without consent. It is appropriate to encourage the patient to involve trusted family or friends for support, but disclosure cannot be forced unless there is an overriding public interest or serious risk to others, which is not present here. Being next of kin does not automatically grant access to clinical information. Confirming attendance may itself breach confidentiality if the patient has not consented.

Clinical context: Young men with suspected testicular cancer often need sensitive communication about fertility, treatment and family support, while maintaining confidentiality.

Guideline anchor: GMC confidentiality guidance

Exam tip: Next of kin is not the same as legal permission to receive confidential information.","[{""label"": ""A"", ""text"": ""Confirm only that he is attending the hospital, but give no clinical details""}, {""label"": ""B"", ""text"": ""Explain that clinical information cannot be shared without his consent and encourage him to discuss support with his family""}, {""label"": ""C"", ""text"": ""Tell his mother the diagnosis because cancer is a serious condition""}, {""label"": ""D"", ""text"": ""Share the treatment plan because she is his next of kin""}, {""label"": ""E"", ""text"": ""Ask his mother to come to clinic so the results can be discussed with her""}]",B,medium,2026-05-11T19:39:12.074237+00:00,2026-05-11T19:39:12.074237+00:00
e9019b15-d9e9-4c2f-9227-e1d492f91f2d,single_best_answer,"A 29-year-old woman who is 10 weeks pregnant presents with sudden severe right iliac fossa pain and vomiting. She is haemodynamically stable. Ultrasound shows a viable intrauterine pregnancy, a 7 cm right ovarian cyst and an enlarged right ovary; Doppler flow is present. Analgesia has not controlled her pain. What is the most appropriate next step in management?",true,"The ovary may be twisting on its blood supply. A scan showing some blood flow does not rule this out, so urgent keyhole surgery is needed.","{""A"": """", ""B"": ""Sudden unilateral pelvic pain, vomiting, an enlarged ovary and an ovarian cyst are highly suggestive of ovarian torsion. Doppler flow does not exclude torsion because intermittent or partial torsion can preserve arterial flow. Persistent severe pain warrants urgent gynaecology involvement and diagnostic laparoscopy with detorsion and ovarian conservation where feasible. Methotrexate is inappropriate with a confirmed intrauterine pregnancy. Delaying surgery risks ovarian necrosis. The presentation is not typical for pelvic inflammatory disease."", ""C"": """", ""D"": """", ""E"": """"}","Correct answer: B - Urgent diagnostic laparoscopy with ovarian detorsion where possible

Sudden unilateral pelvic pain, vomiting, an enlarged ovary and an ovarian cyst are highly suggestive of ovarian torsion. Doppler flow does not exclude torsion because intermittent or partial torsion can preserve arterial flow. Persistent severe pain warrants urgent gynaecology involvement and diagnostic laparoscopy with detorsion and ovarian conservation where feasible. Methotrexate is inappropriate with a confirmed intrauterine pregnancy. Delaying surgery risks ovarian necrosis. The presentation is not typical for pelvic inflammatory disease.

Clinical context: Ovarian torsion is a gynaecological emergency, including in pregnancy, and timely surgery aims to preserve ovarian function.

Guideline anchor: RCOG and standard UK gynaecological emergency practice

Exam tip: Normal Doppler flow does not safely exclude ovarian torsion.","[{""label"": ""A"", ""text"": ""Discharge with oral analgesia because Doppler flow is present""}, {""label"": ""B"", ""text"": ""Urgent diagnostic laparoscopy with ovarian detorsion where possible""}, {""label"": ""C"", ""text"": ""Methotrexate treatment for presumed ectopic pregnancy""}, {""label"": ""D"", ""text"": ""Delay surgery until after 14 weeks of gestation""}, {""label"": ""E"", ""text"": ""Intravenous antibiotics and observation for pelvic inflammatory disease""}]",B,hard,2026-05-11T19:39:12.074250+00:00,2026-05-11T19:39:12.074250+00:00
fc6cc3e7-6387-4291-916b-d9343c86fd02,single_best_answer,"A 42-year-old man with autosomal dominant polycystic kidney disease develops a sudden ‘worst ever’ headache while exercising, followed by vomiting and neck stiffness. He is alert and his blood pressure is 168/96 mmHg. What is the most appropriate immediate escalation?",true,People with polycystic kidney disease have a higher risk of brain aneurysms. A sudden severe headache with neck stiffness could be bleeding around the brain.,"{""A"": ""Autosomal dominant polycystic kidney disease is associated with intracranial berry aneurysms. A thunderclap headache with vomiting and meningism is concerning for subarachnoid haemorrhage and requires emergency hospital assessment, including urgent CT brain. Renal ultrasound and antibiotics do not address the life-threatening neurological presentation. Outpatient neurology referral or reassurance is unsafe."", ""B"": """", ""C"": """", ""D"": """", ""E"": """"}","Correct answer: A - Emergency transfer to hospital for urgent CT brain and suspected subarachnoid haemorrhage assessment

Autosomal dominant polycystic kidney disease is associated with intracranial berry aneurysms. A thunderclap headache with vomiting and meningism is concerning for subarachnoid haemorrhage and requires emergency hospital assessment, including urgent CT brain. Renal ultrasound and antibiotics do not address the life-threatening neurological presentation. Outpatient neurology referral or reassurance is unsafe.

Clinical context: Patients with ADPKD may present outside renal clinics with complications, and clinicians must recognise neurological red flags needing emergency care.

Guideline anchor: NICE guidance on headaches and standard UK emergency stroke/neurosurgical practice

Exam tip: In ADPKD, thunderclap headache should make you think of ruptured intracranial aneurysm.","[{""label"": ""A"", ""text"": ""Emergency transfer to hospital for urgent CT brain and suspected subarachnoid haemorrhage assessment""}, {""label"": ""B"", ""text"": ""Routine outpatient neurology referral for migraine prophylaxis""}, {""label"": ""C"", ""text"": ""Same-day renal ultrasound to assess for cyst haemorrhage""}, {""label"": ""D"", ""text"": ""Oral ciprofloxacin for presumed infected renal cyst""}, {""label"": ""E"", ""text"": ""Reassure him that headache is common in polycystic kidney disease""}]",A,hard,2026-05-11T19:39:12.074263+00:00,2026-05-11T19:39:12.074263+00:00
06dce72b-376d-43d9-a902-4dbd0f301402,single_best_answer,A 24-year-old man who has sex with men has a positive nucleic acid amplification test for Neisseria gonorrhoeae from a urethral swab. Chlamydia testing is negative. No culture was taken before the swab. He has no drug allergies. What is the most appropriate management?,true,"Gonorrhoea needs an injection antibiotic, and contacts need tracing and treating. A follow-up test checks the infection has cleared.","{""A"": """", ""B"": """", ""C"": ""Confirmed gonorrhoea should be treated promptly. In the absence of susceptibility data, ceftriaxone 1 g intramuscularly is recommended. Culture should be obtained where possible to support antimicrobial resistance surveillance, but treatment should not be delayed. Partner notification and test of cure are key parts of management. Doxycycline treats chlamydia rather than gonorrhoea. Azithromycin monotherapy and oral cefixime are not preferred first-line treatment in this setting. Waiting for susceptibility risks ongoing transmission and complications."", ""D"": """", ""E"": """"}","Correct answer: C - Ceftriaxone 1 g intramuscularly, attempt culture for susceptibility if possible, arrange partner notification and test of cure

Confirmed gonorrhoea should be treated promptly. In the absence of susceptibility data, ceftriaxone 1 g intramuscularly is recommended. Culture should be obtained where possible to support antimicrobial resistance surveillance, but treatment should not be delayed. Partner notification and test of cure are key parts of management. Doxycycline treats chlamydia rather than gonorrhoea. Azithromycin monotherapy and oral cefixime are not preferred first-line treatment in this setting. Waiting for susceptibility risks ongoing transmission and complications.

Clinical context: UK sexual health services manage gonorrhoea with antimicrobial stewardship, partner notification and follow-up because of resistance concerns.

Guideline anchor: BASHH gonorrhoea guideline and UKHSA antimicrobial resistance principles

Exam tip: For gonorrhoea, think ceftriaxone plus partner notification and test of cure.","[{""label"": ""A"", ""text"": ""Doxycycline 100 mg twice daily for 7 days and no follow-up if symptoms resolve""}, {""label"": ""B"", ""text"": ""Azithromycin 1 g orally as a single dose and advise condom use only""}, {""label"": ""C"", ""text"": ""Ceftriaxone 1 g intramuscularly, attempt culture for susceptibility if possible, arrange partner notification and test of cure""}, {""label"": ""D"", ""text"": ""Wait for antimicrobial susceptibility results before giving any treatment""}, {""label"": ""E"", ""text"": ""Oral cefixime as first-line treatment and no partner notification""}]",C,hard,2026-05-11T19:39:12.074275+00:00,2026-05-11T19:39:12.074275+00:00
6da04da6-1697-48d7-b489-706a6f684597,single_best_answer,"A 34-year-old woman is 36+0 weeks pregnant. A transvaginal ultrasound shows the placenta completely covering the internal cervical os. She has had no bleeding, observations are normal and the fetus is well. What is the most appropriate management plan?",true,"The placenta is blocking the birth canal. Labour could cause heavy bleeding, so a planned caesarean is the safest birth plan.","{""A"": """", ""B"": """", ""C"": ""A placenta completely covering the internal os at 36 weeks is placenta praevia and vaginal birth is contraindicated because of the risk of severe haemorrhage. Planned caesarean birth is usually arranged at 36 to 37 weeks with senior obstetric, anaesthetic and blood bank planning. Induction, attempted vaginal delivery and awaiting spontaneous labour are unsafe. Repeating ultrasound at 41 weeks delays necessary delivery. External cephalic version is not relevant and may be hazardous."", ""D"": """", ""E"": """"}","Correct answer: C - Plan caesarean birth at 36 to 37 weeks with senior obstetric and anaesthetic planning

A placenta completely covering the internal os at 36 weeks is placenta praevia and vaginal birth is contraindicated because of the risk of severe haemorrhage. Planned caesarean birth is usually arranged at 36 to 37 weeks with senior obstetric, anaesthetic and blood bank planning. Induction, attempted vaginal delivery and awaiting spontaneous labour are unsafe. Repeating ultrasound at 41 weeks delays necessary delivery. External cephalic version is not relevant and may be hazardous.

Clinical context: Placenta praevia is managed in consultant-led obstetric care with delivery planning to minimise maternal and fetal risk.

Guideline anchor: RCOG Green-top guidance on placenta praevia and placenta accreta spectrum, and NICE caesarean birth principles

Exam tip: Placenta covering the os near term means caesarean birth, not induction.","[{""label"": ""A"", ""text"": ""Induce labour at 39 weeks with continuous fetal monitoring""}, {""label"": ""B"", ""text"": ""Attempt vaginal delivery if the fetal head engages""}, {""label"": ""C"", ""text"": ""Plan caesarean birth at 36 to 37 weeks with senior obstetric and anaesthetic planning""}, {""label"": ""D"", ""text"": ""Repeat transvaginal ultrasound at 41 weeks before deciding mode of birth""}, {""label"": ""E"", ""text"": ""Perform external cephalic version and await spontaneous labour""}]",C,hard,2026-05-11T19:39:12.074288+00:00,2026-05-11T19:39:12.074288+00:00
7a4fd9e7-4e62-4d80-804e-6d827ddee8a5,single_best_answer,A 7-year-old boy has periorbital swelling and ankle oedema. Urine dipstick shows protein 4+. Blood tests show albumin 18 g/L (35-50) and creatinine 42 micromol/L (25-65). Which mechanism best explains his oedema?,true,"Protein leaks out in the urine. With less protein in the blood, fluid moves out into the tissues and causes swelling.","{""A"": ""Nephrotic syndrome causes heavy urinary protein loss, leading to hypoalbuminaemia. Albumin normally helps retain fluid within the intravascular space; low albumin reduces plasma oncotic pressure and promotes movement of fluid into tissues, causing oedema. Plasma oncotic pressure is reduced, not increased. Catecholamine excess and lymphatic obstruction are not the primary mechanisms. Nephrotic syndrome usually involves sodium and water retention rather than direct sodium loss."", ""B"": """", ""C"": """", ""D"": """", ""E"": """"}","Correct answer: A - Reduced plasma oncotic pressure due to urinary albumin loss

Nephrotic syndrome causes heavy urinary protein loss, leading to hypoalbuminaemia. Albumin normally helps retain fluid within the intravascular space; low albumin reduces plasma oncotic pressure and promotes movement of fluid into tissues, causing oedema. Plasma oncotic pressure is reduced, not increased. Catecholamine excess and lymphatic obstruction are not the primary mechanisms. Nephrotic syndrome usually involves sodium and water retention rather than direct sodium loss.

Clinical context: Children with nephrotic syndrome commonly present to primary care or paediatrics with facial swelling, oedema and heavy proteinuria.

Guideline anchor: Standard UK clinical practice

Exam tip: Nephrotic oedema is mainly about protein loss causing low albumin and low oncotic pressure.","[{""label"": ""A"", ""text"": ""Reduced plasma oncotic pressure due to urinary albumin loss""}, {""label"": ""B"", ""text"": ""Increased plasma oncotic pressure due to haemoconcentration""}, {""label"": ""C"", ""text"": ""Arteriolar vasoconstriction due to excess catecholamine release""}, {""label"": ""D"", ""text"": ""Lymphatic obstruction caused by renal enlargement""}, {""label"": ""E"", ""text"": ""Direct sodium loss causing extracellular fluid depletion""}]",A,easy,2026-05-11T19:39:12.074300+00:00,2026-05-11T19:39:12.074300+00:00
a8730389-2fab-4693-911c-b499a51e9dd7,single_best_answer,"A case-control study examines the association between asthma and nasal polyps. Among 150 adults with nasal polyps, 60 have asthma. Among 150 controls without nasal polyps, 30 have asthma. What is the odds ratio for the association between asthma and nasal polyps?",true,"For an odds ratio, multiply the diagonal numbers in the 2 by 2 table and divide by the other diagonal: 60 times 120 divided by 90 times 30.","{""A"": """", ""B"": """", ""C"": ""In the nasal polyp group, 60 have asthma and 90 do not. In the control group, 30 have asthma and 120 do not. The odds ratio is (60 × 120) / (90 × 30) = 7200 / 2700 = 2.67, approximately 2.7. This means asthma is associated with higher odds of nasal polyps in this study. The other options result from incorrect use of risks or inverted table values."", ""D"": """", ""E"": """"}","Correct answer: C - 2.7

In the nasal polyp group, 60 have asthma and 90 do not. In the control group, 30 have asthma and 120 do not. The odds ratio is (60 × 120) / (90 × 30) = 7200 / 2700 = 2.67, approximately 2.7. This means asthma is associated with higher odds of nasal polyps in this study. The other options result from incorrect use of risks or inverted table values.

Clinical context: Nasal polyps are associated with asthma and aspirin-exacerbated respiratory disease, and epidemiological studies often quantify such associations using odds ratios.

Guideline anchor: Standard UK epidemiology and evidence-based medicine teaching

Exam tip: For case-control studies, use odds ratios rather than relative risks.","[{""label"": ""A"", ""text"": ""0.38""}, {""label"": ""B"", ""text"": ""1.5""}, {""label"": ""C"", ""text"": ""2.7""}, {""label"": ""D"", ""text"": ""4.0""}, {""label"": ""E"", ""text"": ""6.0""}]",C,medium,2026-05-11T19:39:12.074312+00:00,2026-05-11T19:39:12.074312+00:00
ea9eb097-6b1e-4967-a5b2-b43fe373ec5e,single_best_answer,"A 65-year-old man attends NHS abdominal aortic aneurysm screening. The scan shows an abdominal aortic diameter of 5.9 cm. While waiting to discuss the result, he develops sudden severe abdominal and back pain and feels faint. His blood pressure is 86/54 mmHg and pulse is 118/min. What is the most appropriate next step?",true,A large swollen artery in the abdomen plus sudden severe pain and low blood pressure may mean it is leaking or rupturing. This needs an ambulance immediately.,"{""A"": """", ""B"": """", ""C"": """", ""D"": ""A large AAA found on screening normally requires urgent vascular referral, but new severe abdominal or back pain with hypotension suggests leaking or rupturing AAA. This is a time-critical emergency requiring 999 transfer to hospital. Routine surveillance, outpatient referral or delayed imaging would be unsafe. Oral analgesia alone does not address the risk of catastrophic haemorrhage."", ""E"": """"}","Correct answer: D - Call 999 for emergency transfer to hospital with suspected rupturing aneurysm

A large AAA found on screening normally requires urgent vascular referral, but new severe abdominal or back pain with hypotension suggests leaking or rupturing AAA. This is a time-critical emergency requiring 999 transfer to hospital. Routine surveillance, outpatient referral or delayed imaging would be unsafe. Oral analgesia alone does not address the risk of catastrophic haemorrhage.

Clinical context: AAA screening in the UK aims to detect aneurysms before rupture, but symptomatic aneurysms require emergency management rather than the usual screening pathway.

Guideline anchor: NHS AAA Screening Programme and standard UK emergency practice

Exam tip: Screening pathways apply to stable patients; symptoms of rupture override routine referral timelines.","[{""label"": ""A"", ""text"": ""Arrange routine repeat ultrasound in 3 months""}, {""label"": ""B"", ""text"": ""Arrange urgent outpatient vascular clinic review within 2 weeks""}, {""label"": ""C"", ""text"": ""Give oral analgesia and ask him to contact his GP if symptoms persist""}, {""label"": ""D"", ""text"": ""Call 999 for emergency transfer to hospital with suspected rupturing aneurysm""}, {""label"": ""E"", ""text"": ""Refer for non-urgent CT abdomen through the GP""}]",D,easy,2026-05-11T19:39:12.074323+00:00,2026-05-11T19:39:12.074323+00:00
c1965976-09b1-4c00-824d-75dd6c3c5201,single_best_answer,"A 48-year-old man is admitted with cellulitis. He drinks around 30 units of alcohol daily and last drank 14 hours ago. He is tremulous, sweaty and anxious, with a pulse of 112/min and blood pressure 156/92 mmHg. He has no confusion or seizures. What is the most appropriate management of his alcohol withdrawal risk?",true,"Alcohol withdrawal can cause seizures and delirium. Benzodiazepines calm the overactive nervous system, and thiamine helps prevent Wernicke’s encephalopathy.","{""A"": ""This patient has early alcohol withdrawal. In hospital, symptom-triggered benzodiazepine treatment such as chlordiazepoxide or diazepam, with monitoring and thiamine supplementation, is appropriate. Acamprosate is for relapse prevention after withdrawal, not acute withdrawal. Haloperidol may be used cautiously for severe agitation or hallucinations but does not treat the underlying withdrawal risk. Advising reduction after discharge is unsafe during active withdrawal. Methadone is used for opioid dependence, not alcohol withdrawal."", ""B"": """", ""C"": """", ""D"": """", ""E"": """"}","Correct answer: A - Start symptom-triggered benzodiazepine treatment with thiamine supplementation

This patient has early alcohol withdrawal. In hospital, symptom-triggered benzodiazepine treatment such as chlordiazepoxide or diazepam, with monitoring and thiamine supplementation, is appropriate. Acamprosate is for relapse prevention after withdrawal, not acute withdrawal. Haloperidol may be used cautiously for severe agitation or hallucinations but does not treat the underlying withdrawal risk. Advising reduction after discharge is unsafe during active withdrawal. Methadone is used for opioid dependence, not alcohol withdrawal.

Clinical context: Hospital admissions are common triggers for alcohol withdrawal because dependent patients abruptly stop drinking while receiving treatment for another condition.

Guideline anchor: NICE guidance on alcohol-use disorders and BNF prescribing principles

Exam tip: In alcohol withdrawal, think benzodiazepine plus thiamine; relapse-prevention drugs come later.","[{""label"": ""A"", ""text"": ""Start symptom-triggered benzodiazepine treatment with thiamine supplementation""}, {""label"": ""B"", ""text"": ""Start acamprosate immediately to prevent withdrawal symptoms""}, {""label"": ""C"", ""text"": ""Give haloperidol as first-line treatment for withdrawal""}, {""label"": ""D"", ""text"": ""Advise gradual reduction in alcohol intake after discharge""}, {""label"": ""E"", ""text"": ""Start methadone substitution therapy""}]",A,medium,2026-05-11T19:39:12.074336+00:00,2026-05-11T19:39:12.074336+00:00
3b52ddfb-a382-4d69-88fe-9c46eb608482,single_best_answer,"A 29-year-old woman presents with widespread petechiae and gum bleeding. She is otherwise well. Blood tests show Hb 126 g/L, WCC 6.4 × 10^9/L and platelets 9 × 10^9/L. The blood film shows isolated thrombocytopenia with no schistocytes. PT and APTT are normal. Pregnancy test is negative. What is the most appropriate next step in management?",true,Her immune system is likely destroying platelets. Steroids reduce this immune attack and help the platelet count recover.,"{""A"": """", ""B"": ""This is likely immune thrombocytopenia: isolated severe thrombocytopenia, normal coagulation and no features of microangiopathic haemolysis. Symptomatic severe thrombocytopenia warrants treatment, usually corticosteroids after haematology discussion. Platelet transfusion alone is ineffective in ITP and is reserved for life-threatening bleeding alongside other therapy. Plasma exchange is used for suspected thrombotic thrombocytopenic purpura, which would usually show schistocytes and haemolysis. Splenectomy is not first-line initial treatment. Observation alone is inappropriate with gum bleeding and platelets of 9 × 10^9/L."", ""C"": """", ""D"": """", ""E"": """"}","Correct answer: B - Start corticosteroid treatment after discussion with haematology

This is likely immune thrombocytopenia: isolated severe thrombocytopenia, normal coagulation and no features of microangiopathic haemolysis. Symptomatic severe thrombocytopenia warrants treatment, usually corticosteroids after haematology discussion. Platelet transfusion alone is ineffective in ITP and is reserved for life-threatening bleeding alongside other therapy. Plasma exchange is used for suspected thrombotic thrombocytopenic purpura, which would usually show schistocytes and haemolysis. Splenectomy is not first-line initial treatment. Observation alone is inappropriate with gum bleeding and platelets of 9 × 10^9/L.

Clinical context: Adults with suspected ITP and significant thrombocytopenia should be assessed for bleeding severity and managed with haematology input.

Guideline anchor: standard UK haematology practice and BNF corticosteroid principles

Exam tip: Isolated thrombocytopenia with normal clotting suggests ITP; schistocytes would point towards TTP.","[{""label"": ""A"", ""text"": ""Reassure her and repeat the full blood count in 4 weeks""}, {""label"": ""B"", ""text"": ""Start corticosteroid treatment after discussion with haematology""}, {""label"": ""C"", ""text"": ""Give platelet transfusion as the only treatment""}, {""label"": ""D"", ""text"": ""Start plasma exchange urgently""}, {""label"": ""E"", ""text"": ""Arrange elective splenectomy as first-line treatment""}]",B,medium,2026-05-11T19:39:12.074347+00:00,2026-05-11T19:39:12.074347+00:00
ec1d1a31-5e31-49d0-a805-036f6fedb833,single_best_answer,"A 62-year-old woman describes sudden episodes of severe, stabbing pain over the right cheek and upper jaw. Each episode lasts a few seconds and is triggered by brushing her teeth or touching her face. Between episodes she is pain-free. Neurological examination is normal. What is the most likely diagnosis?",true,Short bursts of severe facial pain triggered by light touch are typical of trigeminal neuralgia.,"{""A"": """", ""B"": """", ""C"": """", ""D"": """", ""E"": ""Trigeminal neuralgia causes brief, severe, unilateral facial pain in the trigeminal nerve distribution, often triggered by light touch, chewing or toothbrushing. Cluster headache causes longer attacks with autonomic features such as lacrimation and nasal congestion. Glossopharyngeal neuralgia usually affects the throat, tonsillar area or ear and is triggered by swallowing. Migraine lasts hours and is often associated with photophobia, nausea or aura. Temporomandibular joint dysfunction causes jaw pain related to movement, not seconds-long shock-like attacks.""}","Correct answer: E - Trigeminal neuralgia

Trigeminal neuralgia causes brief, severe, unilateral facial pain in the trigeminal nerve distribution, often triggered by light touch, chewing or toothbrushing. Cluster headache causes longer attacks with autonomic features such as lacrimation and nasal congestion. Glossopharyngeal neuralgia usually affects the throat, tonsillar area or ear and is triggered by swallowing. Migraine lasts hours and is often associated with photophobia, nausea or aura. Temporomandibular joint dysfunction causes jaw pain related to movement, not seconds-long shock-like attacks.

Clinical context: Trigeminal neuralgia commonly presents in primary care as recurrent unilateral facial pain and may be mistaken for dental disease.

Guideline anchor: NICE Clinical Knowledge Summary on trigeminal neuralgia

Exam tip: Seconds-long, triggerable facial pain with normal examination is classic trigeminal neuralgia.","[{""label"": ""A"", ""text"": ""Cluster headache""}, {""label"": ""B"", ""text"": ""Glossopharyngeal neuralgia""}, {""label"": ""C"", ""text"": ""Migraine with aura""}, {""label"": ""D"", ""text"": ""Temporomandibular joint dysfunction""}, {""label"": ""E"", ""text"": ""Trigeminal neuralgia""}]",E,medium,2026-05-11T19:39:12.074361+00:00,2026-05-11T19:39:12.074361+00:00
14ec1820-46d3-4a2d-8d60-68529321ab29,single_best_answer,"An 84-year-old man with advanced metastatic prostate cancer is being cared for at home. He has progressive sepsis with worsening renal and liver failure, hypoxia and reduced consciousness. His advance care plan states that he does not want hospital admission or intensive care and wishes to remain at home if dying. His family asks what should happen now. What is the most appropriate management?",true,"When the body’s organs are failing at the end of life and the patient has chosen comfort care, treatment should focus on comfort and support rather than burdensome escalation.","{""A"": """", ""B"": """", ""C"": ""This patient is likely dying from progressive multi-organ dysfunction in the context of advanced cancer and sepsis. His advance care plan clearly declines hospital admission and intensive care. The appropriate management is individualised end-of-life care, including anticipatory medicines, symptom control and support for the family. Dialysis, CPR, chemotherapy and repeated blood tests would not meet his goals and are unlikely to provide benefit."", ""D"": """", ""E"": """"}","Correct answer: C - Begin an individualised end-of-life care plan focused on symptom control and family support

This patient is likely dying from progressive multi-organ dysfunction in the context of advanced cancer and sepsis. His advance care plan clearly declines hospital admission and intensive care. The appropriate management is individualised end-of-life care, including anticipatory medicines, symptom control and support for the family. Dialysis, CPR, chemotherapy and repeated blood tests would not meet his goals and are unlikely to provide benefit.

Clinical context: Palliative care in the UK emphasises recognising dying, respecting advance care plans and managing distressing symptoms such as pain, breathlessness, agitation and secretions.

Guideline anchor: NICE guidance on care of dying adults in the last days of life

Exam tip: In end-of-life questions, match treatment to the patient’s goals and previously expressed wishes.","[{""label"": ""A"", ""text"": ""Arrange emergency transfer for renal replacement therapy""}, {""label"": ""B"", ""text"": ""Start cardiopulmonary resuscitation if he deteriorates further""}, {""label"": ""C"", ""text"": ""Begin an individualised end-of-life care plan focused on symptom control and family support""}, {""label"": ""D"", ""text"": ""Arrange urgent outpatient oncology review for chemotherapy""}, {""label"": ""E"", ""text"": ""Request daily blood tests to guide escalation decisions""}]",C,easy,2026-05-11T19:39:12.074373+00:00,2026-05-11T19:39:12.074373+00:00
60a52347-1143-4b5a-9f60-8796b714bc79,single_best_answer,"A 36-year-old woman has fluctuating double vision, bilateral ptosis and nasal speech that worsen towards the evening. Limb power is normal in the morning but fatigues on repeated testing. Pupils and reflexes are normal. Serum acetylcholine receptor and MuSK antibodies are negative. Which investigation is most likely to confirm the suspected diagnosis?",true,Myasthenia affects the signal between nerve and muscle. Single-fibre EMG checks whether that signal is failing when muscles are used repeatedly.,"{""A"": """", ""B"": """", ""C"": """", ""D"": ""The fluctuating fatigable ocular and bulbar weakness with normal pupils and reflexes is typical of myasthenia gravis. When acetylcholine receptor and MuSK antibodies are negative, neurophysiology is important; single-fibre EMG is highly sensitive for impaired neuromuscular transmission. CT thorax is used to assess for thymoma after diagnosis but does not confirm MG. MRI brain would investigate central lesions but the pattern is not typical of stroke or demyelination. CK is more useful for myopathy. Oligoclonal bands support multiple sclerosis, not myasthenia gravis."", ""E"": """"}","Correct answer: D - Single-fibre electromyography

The fluctuating fatigable ocular and bulbar weakness with normal pupils and reflexes is typical of myasthenia gravis. When acetylcholine receptor and MuSK antibodies are negative, neurophysiology is important; single-fibre EMG is highly sensitive for impaired neuromuscular transmission. CT thorax is used to assess for thymoma after diagnosis but does not confirm MG. MRI brain would investigate central lesions but the pattern is not typical of stroke or demyelination. CK is more useful for myopathy. Oligoclonal bands support multiple sclerosis, not myasthenia gravis.

Clinical context: Patients with suspected myasthenia gravis are usually referred to neurology for antibody testing, neurophysiology and assessment for thymic disease.

Guideline anchor: standard UK neurology practice

Exam tip: In antibody-negative suspected MG, think neurophysiology, especially single-fibre EMG.","[{""label"": ""A"", ""text"": ""CT thorax""}, {""label"": ""B"", ""text"": ""MRI brain with contrast""}, {""label"": ""C"", ""text"": ""Serum creatine kinase""}, {""label"": ""D"", ""text"": ""Single-fibre electromyography""}, {""label"": ""E"", ""text"": ""Lumbar puncture for oligoclonal bands""}]",D,hard,2026-05-11T19:39:12.074385+00:00,2026-05-11T19:39:12.074385+00:00
1dedee84-deba-4f3f-a6be-591c8440d1a1,single_best_answer,A 71-year-old man has a 20-minute episode of left arm weakness and slurred speech that has completely resolved by the time he sees his GP. He has no known bleeding disorder and is not taking anticoagulants. What medication is most appropriate to start immediately while arranging urgent specialist assessment?,true,A TIA is a warning sign for stroke. A high initial dose of aspirin reduces the chance of another clot while urgent assessment is arranged.,"{""A"": ""Aspirin 300 mg should be started immediately in suspected TIA unless contraindicated, with urgent specialist assessment. Clopidogrel may be used for longer-term secondary prevention after specialist assessment, but immediate aspirin is the key initial step. Aspirin 75 mg plus dipyridamole is not the recommended immediate regimen. Warfarin is not started empirically unless there is a confirmed indication such as atrial fibrillation and appropriate assessment. Alteplase is for selected patients with acute ischaemic stroke within a time window and persistent deficit, not a resolved TIA."", ""B"": """", ""C"": """", ""D"": """", ""E"": """"}","Correct answer: A - Aspirin 300 mg daily

Aspirin 300 mg should be started immediately in suspected TIA unless contraindicated, with urgent specialist assessment. Clopidogrel may be used for longer-term secondary prevention after specialist assessment, but immediate aspirin is the key initial step. Aspirin 75 mg plus dipyridamole is not the recommended immediate regimen. Warfarin is not started empirically unless there is a confirmed indication such as atrial fibrillation and appropriate assessment. Alteplase is for selected patients with acute ischaemic stroke within a time window and persistent deficit, not a resolved TIA.

Clinical context: TIA carries a high early risk of stroke, so UK practice is immediate aspirin and same-day or next-day specialist TIA assessment.

Guideline anchor: NICE guidance on stroke and transient ischaemic attack

Exam tip: For suspected TIA: aspirin 300 mg immediately, then urgent specialist review.","[{""label"": ""A"", ""text"": ""Aspirin 300 mg daily""}, {""label"": ""B"", ""text"": ""Aspirin 75 mg daily plus dipyridamole""}, {""label"": ""C"", ""text"": ""Clopidogrel 75 mg daily""}, {""label"": ""D"", ""text"": ""Warfarin adjusted to an INR of 2.0–3.0""}, {""label"": ""E"", ""text"": ""Alteplase infusion""}]",A,medium,2026-05-11T19:39:12.074398+00:00,2026-05-11T19:39:12.074398+00:00
349c38e2-a924-4359-b499-caa37eff4a38,single_best_answer,"A 69-year-old woman is receiving a red cell transfusion for symptomatic anaemia. Ten minutes after the transfusion starts she develops fever, rigors, loin pain and breathlessness. Her blood pressure falls to 82/48 mmHg and her urine becomes dark red. What is the most appropriate immediate management?",true,This looks like the wrong blood may be attacking her red cells. Stop the transfusion immediately and treat it as an emergency.,"{""A"": """", ""B"": ""Fever, rigors, loin pain, hypotension and haemoglobinuria shortly after starting red cells suggest an acute haemolytic transfusion reaction, often due to ABO incompatibility. The transfusion must be stopped immediately, IV access maintained with 0.9% sodium chloride, and urgent senior, laboratory and transfusion support obtained. Slowing or restarting the transfusion is unsafe. Furosemide may be relevant in transfusion-associated circulatory overload, but this presentation suggests haemolysis. Antihistamine alone is appropriate only for mild allergic reactions."", ""C"": """", ""D"": """", ""E"": """"}","Correct answer: B - Stop the transfusion, maintain intravenous access with 0.9% sodium chloride and call for urgent senior help

Fever, rigors, loin pain, hypotension and haemoglobinuria shortly after starting red cells suggest an acute haemolytic transfusion reaction, often due to ABO incompatibility. The transfusion must be stopped immediately, IV access maintained with 0.9% sodium chloride, and urgent senior, laboratory and transfusion support obtained. Slowing or restarting the transfusion is unsafe. Furosemide may be relevant in transfusion-associated circulatory overload, but this presentation suggests haemolysis. Antihistamine alone is appropriate only for mild allergic reactions.

Clinical context: Any suspected serious transfusion reaction in UK practice requires stopping the transfusion, checking patient and unit identity, supportive care, and notifying the transfusion laboratory.

Guideline anchor: UK transfusion safety practice and Serious Hazards of Transfusion principles

Exam tip: Severe symptoms during transfusion: stop transfusion first, then assess and investigate.","[{""label"": ""A"", ""text"": ""Slow the transfusion rate and give paracetamol""}, {""label"": ""B"", ""text"": ""Stop the transfusion, maintain intravenous access with 0.9% sodium chloride and call for urgent senior help""}, {""label"": ""C"", ""text"": ""Continue the transfusion and give intravenous furosemide""}, {""label"": ""D"", ""text"": ""Restart the transfusion using a different giving set""}, {""label"": ""E"", ""text"": ""Give oral antihistamine and observe for 30 minutes""}]",B,hard,2026-05-11T19:39:12.074410+00:00,2026-05-11T19:39:12.074410+00:00
f5ae4fa0-3729-40c2-a79e-34909877ec0a,single_best_answer,"A 24-year-old man has recurrent episodes of severe left loin pain, often after drinking large volumes of fluid. The pain lasts several hours and then settles. Urinalysis is normal. Ultrasound during an episode shows left hydronephrosis with a dilated renal pelvis but no ureteric dilatation. What is the most likely diagnosis?",true,"The blockage is where the kidney drainage funnel meets the ureter, so the kidney pelvis swells but the ureter below it is not enlarged.","{""A"": """", ""B"": """", ""C"": ""Pelvi-ureteric junction obstruction can cause intermittent flank pain after a fluid load because urine flow increases and the renal pelvis distends. Ultrasound typically shows hydronephrosis with renal pelvic dilatation but no ureteric dilatation because the obstruction is at the junction of the renal pelvis and ureter. A distal ureteric stone would usually cause hydroureter and often haematuria. Benign prostatic enlargement and urethral stricture cause lower urinary tract obstruction, often bilateral upper tract effects if severe. Vesicoureteric reflux is more typically associated with recurrent urinary infections and childhood presentation."", ""D"": """", ""E"": """"}","Correct answer: C - Pelvi-ureteric junction obstruction

Pelvi-ureteric junction obstruction can cause intermittent flank pain after a fluid load because urine flow increases and the renal pelvis distends. Ultrasound typically shows hydronephrosis with renal pelvic dilatation but no ureteric dilatation because the obstruction is at the junction of the renal pelvis and ureter. A distal ureteric stone would usually cause hydroureter and often haematuria. Benign prostatic enlargement and urethral stricture cause lower urinary tract obstruction, often bilateral upper tract effects if severe. Vesicoureteric reflux is more typically associated with recurrent urinary infections and childhood presentation.

Clinical context: PUJ obstruction may present in young adults with intermittent hydronephrosis and episodic loin pain, sometimes after alcohol or high fluid intake.

Guideline anchor: standard UK urology practice

Exam tip: Hydronephrosis without hydroureter points to obstruction at or above the pelvi-ureteric junction.","[{""label"": ""A"", ""text"": ""Benign prostatic enlargement""}, {""label"": ""B"", ""text"": ""Distal ureteric stone""}, {""label"": ""C"", ""text"": ""Pelvi-ureteric junction obstruction""}, {""label"": ""D"", ""text"": ""Urethral stricture""}, {""label"": ""E"", ""text"": ""Vesicoureteric reflux""}]",C,hard,2026-05-11T19:39:12.074427+00:00,2026-05-11T19:39:12.074427+00:00
3863468a-e22d-47ed-913c-3097cea07c1a,single_best_answer,A 45-year-old bus driver has a pituitary macroadenoma causing bitemporal visual field loss. He is awaiting neurosurgical review. He asks whether he can continue driving his bus until treatment. What is the most appropriate advice?,true,"His side vision is impaired, so driving could endanger passengers and the public. He must stop driving and tell the DVLA.","{""A"": """", ""B"": ""A pituitary macroadenoma causing bitemporal visual field loss may make driving unsafe, especially for a professional driver. The patient should be advised to stop driving and notify the DVLA. The benign nature of the tumour does not remove the safety issue. Informing only the employer is insufficient. Doctors should normally advise the patient to notify the DVLA first; direct disclosure without consent is considered if the patient continues to drive despite advice and poses a risk to others."", ""C"": """", ""D"": """", ""E"": """"}","Correct answer: B - He should stop driving and inform the DVLA of his visual field defect

A pituitary macroadenoma causing bitemporal visual field loss may make driving unsafe, especially for a professional driver. The patient should be advised to stop driving and notify the DVLA. The benign nature of the tumour does not remove the safety issue. Informing only the employer is insufficient. Doctors should normally advise the patient to notify the DVLA first; direct disclosure without consent is considered if the patient continues to drive despite advice and poses a risk to others.

Clinical context: Pituitary tumours can compress the optic chiasm and cause visual field defects relevant to driving entitlement in the UK.

Guideline anchor: GMC confidentiality guidance and DVLA medical fitness to drive guidance

Exam tip: For unsafe driving: advise stop driving and DVLA notification first; disclose without consent only if refusal creates public risk.","[{""label"": ""A"", ""text"": ""He may continue driving if he avoids night driving""}, {""label"": ""B"", ""text"": ""He should stop driving and inform the DVLA of his visual field defect""}, {""label"": ""C"", ""text"": ""He may continue driving because the tumour is benign""}, {""label"": ""D"", ""text"": ""Only his employer needs to be informed, not the DVLA""}, {""label"": ""E"", ""text"": ""The doctor should inform the DVLA immediately without discussing it with him""}]",B,easy,2026-05-11T19:39:12.074439+00:00,2026-05-11T19:39:12.074439+00:00
025ca961-1572-409b-b358-b93df28e3ff7,single_best_answer,A 58-year-old man has a p16-positive squamous cell carcinoma of the base of tongue with bilateral cervical lymph node involvement. PET-CT shows no distant metastases. The head and neck MDT judges that primary surgery would cause major swallowing morbidity. He has good performance status and normal renal function. What is the most appropriate management?,true,"The cancer has not spread distantly and the patient is fit, so treatment should aim to cure it. Chemotherapy given with radiotherapy can treat the cancer while avoiding very mutilating surgery.","{""A"": ""This patient has non-metastatic, locally advanced oropharyngeal squamous cell carcinoma and is fit for curative treatment. If surgery would cause major functional morbidity, definitive radiotherapy with concurrent cisplatin is an appropriate organ-preserving curative approach. Extensive primary surgery may be appropriate in selected cases but is not best here given the MDT assessment. Palliative radiotherapy is for incurable disease or patients unfit for curative treatment. Cetuximab alone is not definitive treatment. Observation would be unsafe for a proven invasive cancer."", ""B"": """", ""C"": """", ""D"": """", ""E"": """"}","Correct answer: A - Definitive radiotherapy with concurrent cisplatin

This patient has non-metastatic, locally advanced oropharyngeal squamous cell carcinoma and is fit for curative treatment. If surgery would cause major functional morbidity, definitive radiotherapy with concurrent cisplatin is an appropriate organ-preserving curative approach. Extensive primary surgery may be appropriate in selected cases but is not best here given the MDT assessment. Palliative radiotherapy is for incurable disease or patients unfit for curative treatment. Cetuximab alone is not definitive treatment. Observation would be unsafe for a proven invasive cancer.

Clinical context: In UK practice, head and neck cancers are managed through a specialist MDT considering tumour site, stage, HPV status, fitness, function and patient preference.

Guideline anchor: NICE head and neck cancer guidance and standard UK head and neck cancer MDT practice

Exam tip: For locally advanced head and neck squamous cancer, think MDT-led curative treatment; concurrent cisplatin chemoradiotherapy is a key organ-preserving option in fit patients.","[{""label"": ""A"", ""text"": ""Definitive radiotherapy with concurrent cisplatin""}, {""label"": ""B"", ""text"": ""Immediate total glossectomy and bilateral neck dissection""}, {""label"": ""C"", ""text"": ""Palliative radiotherapy alone""}, {""label"": ""D"", ""text"": ""Single-agent cetuximab without radiotherapy""}, {""label"": ""E"", ""text"": ""Observation with repeat imaging in 3 months""}]",A,hard,2026-05-11T19:39:12.074452+00:00,2026-05-11T19:39:12.074452+00:00
0cd5f9f9-9970-4e3f-9410-6af660b63d24,single_best_answer,A 24-year-old woman has had recurrent episodes of swelling of her lips and tongue since adolescence. The episodes last 2-3 days and are not itchy. She has no urticaria or wheeze. One episode followed dental treatment and another was associated with severe cramping abdominal pain. Her father had similar attacks. What is the most likely diagnosis?,true,"Repeated swelling without hives or itch, lasting days and running in the family, points to hereditary angioedema rather than a usual allergy.","{""A"": """", ""B"": """", ""C"": ""Hereditary angioedema causes recurrent, prolonged angioedema without urticaria or itch, often triggered by trauma or dental procedures, and may cause abdominal pain due to bowel wall oedema. A family history supports the diagnosis. IgE-mediated anaphylaxis is acute, usually develops rapidly and commonly includes urticaria, wheeze or hypotension. Chronic spontaneous urticaria involves recurrent itchy wheals. Oral allergy syndrome causes immediate oral itching or mild swelling after raw fruit or vegetables. Serum sickness-like reactions cause fever, rash and arthralgia after drug exposure or infection."", ""D"": """", ""E"": """"}","Correct answer: C - Hereditary angioedema

Hereditary angioedema causes recurrent, prolonged angioedema without urticaria or itch, often triggered by trauma or dental procedures, and may cause abdominal pain due to bowel wall oedema. A family history supports the diagnosis. IgE-mediated anaphylaxis is acute, usually develops rapidly and commonly includes urticaria, wheeze or hypotension. Chronic spontaneous urticaria involves recurrent itchy wheals. Oral allergy syndrome causes immediate oral itching or mild swelling after raw fruit or vegetables. Serum sickness-like reactions cause fever, rash and arthralgia after drug exposure or infection.

Clinical context: Patients with suspected hereditary angioedema in UK primary care should be referred to an immunology or allergy specialist because standard antihistamines and adrenaline may not control attacks.

Guideline anchor: standard UK clinical practice and specialist allergy/immunology guidance

Exam tip: Angioedema without urticaria, especially with abdominal pain and family history, should make you think of hereditary angioedema.","[{""label"": ""A"", ""text"": ""Acute IgE-mediated anaphylaxis""}, {""label"": ""B"", ""text"": ""Chronic spontaneous urticaria""}, {""label"": ""C"", ""text"": ""Hereditary angioedema""}, {""label"": ""D"", ""text"": ""Oral allergy syndrome""}, {""label"": ""E"", ""text"": ""Serum sickness-like reaction""}]",C,hard,2026-05-11T19:39:12.074464+00:00,2026-05-11T19:39:12.074464+00:00
0dc9f2a5-8179-42f9-bada-511e6788c114,single_best_answer,"A 46-year-old kidney transplant recipient develops fever, cough and myalgia. A SARS-CoV-2 PCR test is positive. Symptoms started 3 days ago. Oxygen saturation is 97% on air and chest examination is normal. He takes tacrolimus, mycophenolate and prednisolone. eGFR is 68 mL/min/1.73 m2. Which medication is most appropriate to reduce the risk of progression to severe COVID-19?",true,"He is high risk and early in the illness, so he should get antiviral treatment. The usual oral option interacts dangerously with tacrolimus, so intravenous remdesivir is a safer choice.","{""A"": """", ""B"": """", ""C"": """", ""D"": ""This transplant recipient is at high risk of severe COVID-19 and is within the treatment window for early antiviral therapy. Nirmatrelvir plus ritonavir has major interactions with calcineurin inhibitors such as tacrolimus, risking serious toxicity, so it is unsuitable without specialist management. A 3-day course of intravenous remdesivir is an appropriate alternative. Dexamethasone is used in COVID-19 patients requiring oxygen, not in non-hypoxic early disease. Azithromycin is not an antiviral treatment for COVID-19. High-risk patients may benefit from antiviral therapy even if not hypoxic."", ""E"": """"}","Correct answer: D - Remdesivir intravenously for 3 days

This transplant recipient is at high risk of severe COVID-19 and is within the treatment window for early antiviral therapy. Nirmatrelvir plus ritonavir has major interactions with calcineurin inhibitors such as tacrolimus, risking serious toxicity, so it is unsuitable without specialist management. A 3-day course of intravenous remdesivir is an appropriate alternative. Dexamethasone is used in COVID-19 patients requiring oxygen, not in non-hypoxic early disease. Azithromycin is not an antiviral treatment for COVID-19. High-risk patients may benefit from antiviral therapy even if not hypoxic.

Clinical context: In the UK, high-risk patients with COVID-19 are assessed through local specialist pathways, with careful checking for renal function and drug interactions before antiviral prescribing.

Guideline anchor: NICE COVID-19 rapid guideline and BNF drug interaction principles

Exam tip: Always check ritonavir interactions; tacrolimus and ciclosporin are major red flags.","[{""label"": ""A"", ""text"": ""Azithromycin orally for 3 days""}, {""label"": ""B"", ""text"": ""Dexamethasone orally for 10 days""}, {""label"": ""C"", ""text"": ""Nirmatrelvir plus ritonavir orally for 5 days""}, {""label"": ""D"", ""text"": ""Remdesivir intravenously for 3 days""}, {""label"": ""E"", ""text"": ""No antiviral treatment because he is not hypoxic""}]",D,hard,2026-05-11T19:39:12.074476+00:00,2026-05-11T19:39:12.074476+00:00
f394062f-1dc3-4c09-b527-cd9c482c3909,single_best_answer,"A cohort study examines the risk of developing type 2 diabetes in women with polycystic ovary syndrome. The crude relative risk is 3.0. After adjustment for body mass index, age and ethnicity, the hazard ratio is 1.4 with a 95% confidence interval of 0.9 to 2.2. Which interpretation is most appropriate?",true,"The initial link looks strong, but once BMI and other factors are considered, the remaining link is smaller and uncertain because the confidence interval includes 1.","{""A"": """", ""B"": ""The reduction from a crude relative risk of 3.0 to an adjusted hazard ratio of 1.4 suggests that factors such as BMI explain part of the apparent association. Because the 95% confidence interval includes 1, the adjusted association is not statistically significant at the conventional 5% level. A hazard ratio of 1.4 is a relative measure, not a 40% absolute risk. Cohort studies can measure incidence and risk. A non-significant result does not prove there is no relationship; it indicates insufficient evidence of an independent association in this analysis."", ""C"": """", ""D"": """", ""E"": """"}","Correct answer: B - Body mass index may explain some of the crude association, and the adjusted association is not statistically significant

The reduction from a crude relative risk of 3.0 to an adjusted hazard ratio of 1.4 suggests that factors such as BMI explain part of the apparent association. Because the 95% confidence interval includes 1, the adjusted association is not statistically significant at the conventional 5% level. A hazard ratio of 1.4 is a relative measure, not a 40% absolute risk. Cohort studies can measure incidence and risk. A non-significant result does not prove there is no relationship; it indicates insufficient evidence of an independent association in this analysis.

Clinical context: PCOS is associated with metabolic risk, but epidemiological interpretation requires distinguishing crude associations from adjusted estimates affected by obesity and other confounders.

Guideline anchor: standard epidemiological principles used in UK clinical practice

Exam tip: If a confidence interval for a ratio measure crosses 1, the result is not statistically significant.","[{""label"": ""A"", ""text"": ""Adjustment has proven that polycystic ovary syndrome prevents type 2 diabetes""}, {""label"": ""B"", ""text"": ""Body mass index may explain some of the crude association, and the adjusted association is not statistically significant""}, {""label"": ""C"", ""text"": ""The adjusted result means women with polycystic ovary syndrome have a 40% absolute risk of type 2 diabetes""}, {""label"": ""D"", ""text"": ""The crude relative risk is invalid because cohort studies cannot measure risk""}, {""label"": ""E"", ""text"": ""The confidence interval proves there is no relationship between polycystic ovary syndrome and type 2 diabetes""}]",B,hard,2026-05-11T19:39:12.074488+00:00,2026-05-11T19:39:12.074488+00:00
da0eb561-03ee-4fb2-b71e-8726027ea25d,single_best_answer,"A 62-year-old woman attends her GP with a known recurrent breast cyst that has become rapidly painful and red over 24 hours. She is taking methotrexate for rheumatoid arthritis. Her temperature is 38.9°C, heart rate 118/min, blood pressure 92/58 mmHg and there is spreading erythema over the lateral breast. What is the most appropriate next step?",true,"This is no longer just a cyst; she is showing signs of a serious infection affecting the whole body, so she needs urgent hospital care.","{""A"": """", ""B"": """", ""C"": ""This patient has a painful inflamed breast lesion with fever, tachycardia, hypotension and immunosuppression, suggesting infected cyst or breast abscess with sepsis. She needs urgent hospital assessment, sepsis management, intravenous antibiotics and likely imaging-guided aspiration or drainage. Routine breast clinic review, delayed oral antibiotics or reassurance are unsafe. Mammography may be needed later to assess underlying pathology, especially in older women, but immediate management of sepsis takes priority."", ""D"": """", ""E"": """"}","Correct answer: C - Send her to hospital urgently for same-day surgical assessment and sepsis management

This patient has a painful inflamed breast lesion with fever, tachycardia, hypotension and immunosuppression, suggesting infected cyst or breast abscess with sepsis. She needs urgent hospital assessment, sepsis management, intravenous antibiotics and likely imaging-guided aspiration or drainage. Routine breast clinic review, delayed oral antibiotics or reassurance are unsafe. Mammography may be needed later to assess underlying pathology, especially in older women, but immediate management of sepsis takes priority.

Clinical context: Most simple breast cysts are benign and managed in breast clinics, but systemic illness or sepsis requires same-day emergency escalation.

Guideline anchor: NICE sepsis guidance and standard UK breast surgery practice

Exam tip: A breast lump plus hypotension, fever or immunosuppression is an acute infection problem first, not a routine breast clinic problem.","[{""label"": ""A"", ""text"": ""Arrange routine breast clinic review within 6 weeks""}, {""label"": ""B"", ""text"": ""Prescribe oral flucloxacillin and review in 1 week""}, {""label"": ""C"", ""text"": ""Send her to hospital urgently for same-day surgical assessment and sepsis management""}, {""label"": ""D"", ""text"": ""Reassure her that painful breast cysts settle without treatment""}, {""label"": ""E"", ""text"": ""Request an outpatient mammogram before starting treatment""}]",C,hard,2026-05-11T19:39:12.074501+00:00,2026-05-11T19:39:12.074501+00:00
123d62d5-fe5a-4967-bfd1-480f978d4d57,single_best_answer,"A 38-year-old woman has 9 months of infrequent periods, hot flushes and night sweats. She is not pregnant and is not using hormonal contraception. Her mother had menopause at 39 years. Which investigation is most appropriate to support the diagnosis?",true,"Because she is under 40, blood tests are needed. Two raised FSH results several weeks apart support early ovarian failure.","{""A"": """", ""B"": """", ""C"": """", ""D"": ""In women under 40, premature ovarian insufficiency should be considered when menopausal symptoms are associated with infrequent or absent periods. Diagnosis is supported by raised FSH levels on two samples taken 4-6 weeks apart. Anti-Müllerian hormone is not recommended for routine diagnosis. CT, CA125 and endometrial thickness measurement do not diagnose premature ovarian insufficiency and would be guided by other symptoms such as suspected malignancy or abnormal bleeding patterns."", ""E"": """"}","Correct answer: D - Serum follicle-stimulating hormone on two occasions 4-6 weeks apart

In women under 40, premature ovarian insufficiency should be considered when menopausal symptoms are associated with infrequent or absent periods. Diagnosis is supported by raised FSH levels on two samples taken 4-6 weeks apart. Anti-Müllerian hormone is not recommended for routine diagnosis. CT, CA125 and endometrial thickness measurement do not diagnose premature ovarian insufficiency and would be guided by other symptoms such as suspected malignancy or abnormal bleeding patterns.

Clinical context: In UK primary care, menopause is usually diagnosed clinically in women over 45, but women under 40 require investigation for premature ovarian insufficiency and assessment of long-term bone and cardiovascular health.

Guideline anchor: NICE menopause guideline

Exam tip: Over 45: diagnose menopause clinically. Under 40: think premature ovarian insufficiency and repeat FSH.","[{""label"": ""A"", ""text"": ""Anti-Müllerian hormone concentration""}, {""label"": ""B"", ""text"": ""CT abdomen and pelvis""}, {""label"": ""C"", ""text"": ""Serum CA125 concentration""}, {""label"": ""D"", ""text"": ""Serum follicle-stimulating hormone on two occasions 4-6 weeks apart""}, {""label"": ""E"", ""text"": ""Transvaginal ultrasound to measure endometrial thickness""}]",D,hard,2026-05-11T19:39:12.074513+00:00,2026-05-11T19:39:12.074513+00:00
97556b3f-2680-42de-9208-1d10f70fe5be,single_best_answer,"A 7-year-old boy has palpable purpura over the buttocks and legs, ankle swelling and colicky abdominal pain. Urinalysis shows blood 3+ and protein 3+. Blood pressure is 128/86 mmHg. Creatinine is 76 micromol/L (reference range 27-62). What is the most appropriate management?",true,"The rash fits IgA vasculitis, but the urine, blood pressure and kidney test suggest kidney inflammation, so he needs urgent specialist assessment.","{""A"": """", ""B"": """", ""C"": """", ""D"": ""The presentation is typical of IgA vasculitis, but this child has significant renal involvement: heavy proteinuria, haematuria, hypertension and raised creatinine. He requires same-day paediatric assessment and discussion with paediatric nephrology. Simple reassurance is inappropriate because renal disease can be serious. NSAIDs should be avoided or used very cautiously when renal involvement is present. Antihistamines and topical steroids do not address systemic vasculitis. IgA vasculitis is not primarily due to thrombocytopenia, and platelet transfusion is not indicated."", ""E"": """"}","Correct answer: D - Same-day paediatric assessment with renal involvement discussed with paediatric nephrology

The presentation is typical of IgA vasculitis, but this child has significant renal involvement: heavy proteinuria, haematuria, hypertension and raised creatinine. He requires same-day paediatric assessment and discussion with paediatric nephrology. Simple reassurance is inappropriate because renal disease can be serious. NSAIDs should be avoided or used very cautiously when renal involvement is present. Antihistamines and topical steroids do not address systemic vasculitis. IgA vasculitis is not primarily due to thrombocytopenia, and platelet transfusion is not indicated.

Clinical context: Children with IgA vasculitis are often managed supportively, but UK practice emphasises monitoring blood pressure and urine, with urgent escalation for nephritic or nephrotic features.

Guideline anchor: standard UK paediatric practice and renal referral principles

Exam tip: In IgA vasculitis, always check urine and blood pressure; proteinuria, hypertension or impaired renal function changes management.","[{""label"": ""A"", ""text"": ""Discharge with reassurance and no further follow-up""}, {""label"": ""B"", ""text"": ""Oral antihistamine and topical corticosteroid for the rash""}, {""label"": ""C"", ""text"": ""Oral ibuprofen for joint pain and review only if the rash spreads""}, {""label"": ""D"", ""text"": ""Same-day paediatric assessment with renal involvement discussed with paediatric nephrology""}, {""label"": ""E"", ""text"": ""Platelet transfusion because purpura indicates thrombocytopenia""}]",D,hard,2026-05-11T19:39:12.074526+00:00,2026-05-11T19:39:12.074526+00:00
93feaeb6-2d2e-4655-a30c-43523c5afa97,single_best_answer,A 79-year-old man is in the emergency department with dizziness and near-syncope. His heart rate is 32/min and blood pressure is 84/50 mmHg. ECG shows complete heart block. Two doses of intravenous atropine have produced no improvement. What is the most appropriate next step in management?,true,"His heart is too slow and his blood pressure is low. Atropine has not worked, so he needs emergency pacing to maintain circulation.","{""A"": """", ""B"": ""This patient has unstable bradycardia with adverse features: hypotension and near-syncope. Complete heart block may not respond to atropine. As atropine has been ineffective, immediate transcutaneous pacing is appropriate while calling for expert help and preparing for transvenous pacing if needed. Adenosine treats some supraventricular tachycardias, not complete heart block. Bisoprolol would worsen bradycardia. Observation alone is unsafe. Amiodarone is used for tachyarrhythmias and can worsen conduction problems."", ""C"": """", ""D"": """", ""E"": """"}","Correct answer: B - Arrange immediate transcutaneous pacing while seeking expert help

This patient has unstable bradycardia with adverse features: hypotension and near-syncope. Complete heart block may not respond to atropine. As atropine has been ineffective, immediate transcutaneous pacing is appropriate while calling for expert help and preparing for transvenous pacing if needed. Adenosine treats some supraventricular tachycardias, not complete heart block. Bisoprolol would worsen bradycardia. Observation alone is unsafe. Amiodarone is used for tachyarrhythmias and can worsen conduction problems.

Clinical context: UK resuscitation algorithms prioritise recognising adverse features in bradycardia, giving atropine initially and escalating promptly to pacing or chronotropic support if ineffective.

Guideline anchor: Resus Council UK adult bradycardia algorithm

Exam tip: Unstable bradycardia plus failed atropine equals pacing.","[{""label"": ""A"", ""text"": ""Administer intravenous adenosine""}, {""label"": ""B"", ""text"": ""Arrange immediate transcutaneous pacing while seeking expert help""}, {""label"": ""C"", ""text"": ""Give oral bisoprolol""}, {""label"": ""D"", ""text"": ""Observe on a cardiac monitor for 12 hours""}, {""label"": ""E"", ""text"": ""Start intravenous amiodarone""}]",B,medium,2026-05-11T19:39:12.074538+00:00,2026-05-11T19:39:12.074538+00:00
bfc04c7c-7748-42a2-b7dc-d14151e88f2a,single_best_answer,"A 67-year-old woman is admitted with right upper quadrant pain, fever and a positive Murphy's sign. Ultrasound shows gallstones and a thick-walled gallbladder without common bile duct dilatation. She has no known drug allergies. Blood cultures are taken. Which empirical antibiotic is most appropriate?",true,An infected gallbladder needs antibiotics that cover gut and biliary bacteria. Co-amoxiclav is the best option listed.,"{""A"": """", ""B"": ""Acute cholecystitis requires analgesia, antibiotics and early surgical assessment for laparoscopic cholecystectomy or drainage if unfit. Intravenous co-amoxiclav provides broad cover for common biliary pathogens and is a typical empirical choice where local guidance supports it. Flucloxacillin mainly targets Gram-positive skin organisms and is inadequate for biliary infection. Nitrofurantoin is for lower urinary tract infection. Doxycycline is not appropriate empirical cover for acute cholecystitis. Aciclovir treats herpes viruses, not bacterial biliary infection."", ""C"": """", ""D"": """", ""E"": """"}","Correct answer: B - Co-amoxiclav intravenously

Acute cholecystitis requires analgesia, antibiotics and early surgical assessment for laparoscopic cholecystectomy or drainage if unfit. Intravenous co-amoxiclav provides broad cover for common biliary pathogens and is a typical empirical choice where local guidance supports it. Flucloxacillin mainly targets Gram-positive skin organisms and is inadequate for biliary infection. Nitrofurantoin is for lower urinary tract infection. Doxycycline is not appropriate empirical cover for acute cholecystitis. Aciclovir treats herpes viruses, not bacterial biliary infection.

Clinical context: UK hospitals use local antimicrobial guidelines for biliary sepsis, but co-amoxiclav is a common first-line empirical option in uncomplicated acute cholecystitis when there is no penicillin allergy.

Guideline anchor: BNF and local UK antimicrobial prescribing guidance for biliary infection

Exam tip: Acute cholecystitis needs broad Gram-negative and anaerobic cover, not narrow skin or urinary antibiotics.","[{""label"": ""A"", ""text"": ""Flucloxacillin intravenously""}, {""label"": ""B"", ""text"": ""Co-amoxiclav intravenously""}, {""label"": ""C"", ""text"": ""Nitrofurantoin orally""}, {""label"": ""D"", ""text"": ""Doxycycline orally""}, {""label"": ""E"", ""text"": ""Aciclovir intravenously""}]",B,hard,2026-05-11T19:39:12.074549+00:00,2026-05-11T19:39:12.074549+00:00
67f673d6-9c24-4554-9c46-6bc1c9996fd9,single_best_answer,A 34-year-old man with Crohn's disease has increasing perianal pain and discharge. He is febrile and examination shows a tender fluctuant swelling lateral to the anus with an external opening. MRI pelvis suggests a high trans-sphincteric fistula with an associated abscess. What is the most appropriate management?,true,"There is a pus collection and a complex tunnel involving the sphincter. It needs urgent drainage, but cutting through the sphincter could cause incontinence, so a seton is used.","{""A"": """", ""B"": """", ""C"": """", ""D"": ""A perianal abscess requires urgent drainage. In Crohn's disease with a high trans-sphincteric fistula, management should preserve sphincter function; examination under anaesthetic allows drainage and loose seton placement to control sepsis and maintain drainage. Antibiotics alone are inadequate for an abscess. Bedside incision may be insufficient and unsafe for complex disease. Fistulotomy through a high tract risks faecal incontinence. Haemorrhoid treatment is irrelevant."", ""E"": """"}","Correct answer: D - Urgent examination under anaesthetic with abscess drainage and loose seton placement

A perianal abscess requires urgent drainage. In Crohn's disease with a high trans-sphincteric fistula, management should preserve sphincter function; examination under anaesthetic allows drainage and loose seton placement to control sepsis and maintain drainage. Antibiotics alone are inadequate for an abscess. Bedside incision may be insufficient and unsafe for complex disease. Fistulotomy through a high tract risks faecal incontinence. Haemorrhoid treatment is irrelevant.

Clinical context: Complex perianal Crohn's disease in the UK is managed by colorectal surgeons and gastroenterology/IBD teams, often combining surgical drainage or setons with medical therapy.

Guideline anchor: standard UK colorectal surgery and IBD MDT practice

Exam tip: Perianal abscesses need drainage; high or Crohn's-related fistulas need sphincter-preserving specialist management.","[{""label"": ""A"", ""text"": ""Antibiotics alone and outpatient review in 4 weeks""}, {""label"": ""B"", ""text"": ""Bedside incision under local anaesthetic without further assessment""}, {""label"": ""C"", ""text"": ""Fistulotomy through the sphincter complex as definitive treatment""}, {""label"": ""D"", ""text"": ""Urgent examination under anaesthetic with abscess drainage and loose seton placement""}, {""label"": ""E"", ""text"": ""Topical haemorrhoid treatment and stool softeners""}]",D,hard,2026-05-11T19:39:12.074561+00:00,2026-05-11T19:39:12.074561+00:00
14ec1820-46d3-4a2d-8d60-68529321ab29,single_best_answer,"A 72-year-old man is in intensive care with metastatic colorectal cancer and bowel perforation. Despite ventilation, noradrenaline and renal replacement therapy, he has worsening multi-organ dysfunction. He lacks capacity. His wife says he had repeatedly said he would not want to be kept alive on machines if there was no realistic chance of recovery, but his adult children ask the team to continue all treatment. What is the most appropriate next step in management?",true,"If a patient cannot decide, doctors must decide what is best for that patient, using what the patient would have wanted. Families are involved, but they do not have to choose alone.","{""A"": ""The patient lacks capacity and has progressive multi-organ failure despite maximal support. Decisions must be made in his best interests, taking account of his previously expressed wishes and clinical prognosis. A senior multidisciplinary discussion with the family should explain that treatment may now be burdensome and non-beneficial, and should plan any withdrawal with anticipatory palliative symptom control. Relatives should be consulted but do not make the final legal decision by voting. Continuing treatment indefinitely because of disagreement may be inappropriate if it is not in the patient's best interests. A DNACPR decision alone does not address ongoing burdensome organ support. Withdrawal should not be done abruptly without careful communication unless there is an immediate clinical necessity."", ""B"": """", ""C"": """", ""D"": """", ""E"": """"}","Correct answer: A - Arrange a senior multidisciplinary best interests discussion with the family, explaining the prognosis and considering withdrawal of burdensome organ support with palliative symptom control

The patient lacks capacity and has progressive multi-organ failure despite maximal support. Decisions must be made in his best interests, taking account of his previously expressed wishes and clinical prognosis. A senior multidisciplinary discussion with the family should explain that treatment may now be burdensome and non-beneficial, and should plan any withdrawal with anticipatory palliative symptom control. Relatives should be consulted but do not make the final legal decision by voting. Continuing treatment indefinitely because of disagreement may be inappropriate if it is not in the patient's best interests. A DNACPR decision alone does not address ongoing burdensome organ support. Withdrawal should not be done abruptly without careful communication unless there is an immediate clinical necessity.

Clinical context: In UK practice, intensive care and palliative care teams often work together when organ support no longer offers a realistic prospect of recovery.

Guideline anchor: GMC treatment and care towards the end of life guidance; Mental Capacity Act best interests principles

Exam tip: When capacity is absent, relatives inform best interests decisions; they do not provide consent on behalf of an adult unless they have legal authority.","[{""label"": ""A"", ""text"": ""Arrange a senior multidisciplinary best interests discussion with the family, explaining the prognosis and considering withdrawal of burdensome organ support with palliative symptom control""}, {""label"": ""B"", ""text"": ""Continue organ support indefinitely because the adult children object to withdrawal""}, {""label"": ""C"", ""text"": ""Ask the family to vote on whether treatment should be continued""}, {""label"": ""D"", ""text"": ""Make a DNACPR decision but continue all other organ support until cardiac arrest occurs""}, {""label"": ""E"", ""text"": ""Withdraw organ support immediately without further communication because treatment is futile""}]",A,hard,2026-05-11T19:39:12.074575+00:00,2026-05-11T19:39:12.074575+00:00
32eee3d7-dae8-4264-89ec-b3ffc2f6597a,single_best_answer,"A 13-year-old boy with Duchenne muscular dystrophy is reviewed because of morning headaches, poor concentration at school and daytime sleepiness. His mother says he has restless sleep. Overnight monitoring shows repeated oxygen desaturation with carbon dioxide retention. What is the most appropriate management?",true,"His breathing muscles are too weak during sleep, so he retains carbon dioxide. A night-time ventilator supports breathing; oxygen alone does not solve the problem.","{""A"": ""Morning headaches, daytime somnolence and overnight hypercapnia indicate nocturnal hypoventilation due to respiratory muscle weakness. The appropriate management is specialist assessment and initiation of nocturnal non-invasive ventilation, often alongside airway clearance support. Oxygen alone may worsen carbon dioxide retention because it does not correct hypoventilation. Increasing corticosteroids does not treat established ventilatory failure. Lung transplantation is not the standard management for Duchenne-related nocturnal hypoventilation. Reassurance would miss a treatable complication."", ""B"": """", ""C"": """", ""D"": """", ""E"": """"}","Correct answer: A - Start long-term nocturnal non-invasive ventilation under the paediatric respiratory team

Morning headaches, daytime somnolence and overnight hypercapnia indicate nocturnal hypoventilation due to respiratory muscle weakness. The appropriate management is specialist assessment and initiation of nocturnal non-invasive ventilation, often alongside airway clearance support. Oxygen alone may worsen carbon dioxide retention because it does not correct hypoventilation. Increasing corticosteroids does not treat established ventilatory failure. Lung transplantation is not the standard management for Duchenne-related nocturnal hypoventilation. Reassurance would miss a treatable complication.

Clinical context: Children and young people with Duchenne muscular dystrophy require planned respiratory surveillance as respiratory muscle weakness progresses.

Guideline anchor: standard UK paediatric neuromuscular respiratory practice

Exam tip: In neuromuscular disease, hypercapnia points to hypoventilation: treat with ventilatory support, not oxygen alone.","[{""label"": ""A"", ""text"": ""Start long-term nocturnal non-invasive ventilation under the paediatric respiratory team""}, {""label"": ""B"", ""text"": ""Prescribe nocturnal oxygen at home without ventilatory support""}, {""label"": ""C"", ""text"": ""Increase oral corticosteroid dose and repeat overnight monitoring in 6 months""}, {""label"": ""D"", ""text"": ""Arrange urgent lung transplantation assessment""}, {""label"": ""E"", ""text"": ""Discharge with reassurance because this is expected in adolescence""}]",A,hard,2026-05-11T19:39:12.074589+00:00,2026-05-11T19:39:12.074589+00:00
0f7bd294-0d45-49c8-a18e-46aa3f8f1b4e,single_best_answer,A 34-year-old woman at 35 weeks' gestation presents with painful vaginal bleeding and a tense tender uterus. The fetal heart rate is persistently 90/min. Blood tests show falling fibrinogen. Which mechanism best explains the coagulopathy seen in severe placental abruption?,true,"When the placenta separates, damaged placental tissue can trigger the clotting system everywhere, using up clotting proteins such as fibrinogen.","{""A"": """", ""B"": """", ""C"": ""Severe placental abruption can release thromboplastin-like tissue factor from damaged decidual and placental tissue into the maternal circulation. This activates coagulation, producing thrombin and consuming fibrinogen and other clotting factors, leading to DIC. Anti-platelet antibodies describe immune thrombocytopenia. Reduced hepatic synthesis is not the main acute mechanism. ADAMTS13 inhibition is associated with thrombotic thrombocytopenic purpura. Vitamin K deficiency causes a different pattern and is not the mechanism in acute abruption."", ""D"": """", ""E"": """"}","Correct answer: C - Release of placental tissue factor causing systemic thrombin generation and consumption of fibrinogen

Severe placental abruption can release thromboplastin-like tissue factor from damaged decidual and placental tissue into the maternal circulation. This activates coagulation, producing thrombin and consuming fibrinogen and other clotting factors, leading to DIC. Anti-platelet antibodies describe immune thrombocytopenia. Reduced hepatic synthesis is not the main acute mechanism. ADAMTS13 inhibition is associated with thrombotic thrombocytopenic purpura. Vitamin K deficiency causes a different pattern and is not the mechanism in acute abruption.

Clinical context: Abruption is an obstetric emergency because it can cause fetal hypoxia, maternal haemorrhage and DIC.

Guideline anchor: standard UK obstetric practice

Exam tip: In abruption, falling fibrinogen is a major warning sign for significant haemorrhage and DIC.","[{""label"": ""A"", ""text"": ""Maternal anti-platelet antibodies causing peripheral platelet destruction""}, {""label"": ""B"", ""text"": ""Reduced hepatic synthesis of clotting factors due to pregnancy-related cholestasis""}, {""label"": ""C"", ""text"": ""Release of placental tissue factor causing systemic thrombin generation and consumption of fibrinogen""}, {""label"": ""D"", ""text"": ""Autoantibody-mediated inhibition of ADAMTS13 causing platelet-rich microthrombi""}, {""label"": ""E"", ""text"": ""Vitamin K malabsorption causing isolated deficiency of factors II, VII, IX and X""}]",C,medium,2026-05-11T19:39:12.074602+00:00,2026-05-11T19:39:12.074602+00:00
ae263628-97c2-4144-93fa-1b9299283394,single_best_answer,A 7-year-old boy presents with fever and severe right hip pain. He cannot weight bear. The hip is held flexed and externally rotated. Temperature is 38.9°C. Blood tests show WCC 18.6 x 10^9/L (4.0-11.0) and CRP 126 mg/L (<5). Septic arthritis is suspected and urgent joint aspiration is arranged. He has no drug allergies. Which empirical antibiotic is most appropriate after cultures are obtained?,true,"A hot swollen hip joint in a child can rapidly damage the joint. After samples are taken, give IV antibiotics that cover Staphylococcus aureus.","{""A"": ""Septic arthritis of the hip is an orthopaedic emergency. Staphylococcus aureus is a key pathogen in this age group, so intravenous flucloxacillin is an appropriate empirical choice, adjusted according to local microbiology guidance and culture results. Oral phenoxymethylpenicillin is inadequate for septic arthritis. Azithromycin does not provide appropriate empirical cover. Aciclovir treats herpesvirus infection, not bacterial septic arthritis. Doxycycline is not standard empirical treatment and is generally avoided in younger children unless specifically indicated."", ""B"": """", ""C"": """", ""D"": """", ""E"": """"}","Correct answer: A - Intravenous flucloxacillin

Septic arthritis of the hip is an orthopaedic emergency. Staphylococcus aureus is a key pathogen in this age group, so intravenous flucloxacillin is an appropriate empirical choice, adjusted according to local microbiology guidance and culture results. Oral phenoxymethylpenicillin is inadequate for septic arthritis. Azithromycin does not provide appropriate empirical cover. Aciclovir treats herpesvirus infection, not bacterial septic arthritis. Doxycycline is not standard empirical treatment and is generally avoided in younger children unless specifically indicated.

Clinical context: A febrile child who cannot weight bear with a painful hip requires urgent orthopaedic assessment, joint aspiration or washout, and intravenous antibiotics.

Guideline anchor: BNF for Children and local paediatric antimicrobial guidance

Exam tip: Do not confuse transient synovitis with septic arthritis: fever, inability to weight bear and high inflammatory markers favour septic arthritis.","[{""label"": ""A"", ""text"": ""Intravenous flucloxacillin""}, {""label"": ""B"", ""text"": ""Oral phenoxymethylpenicillin""}, {""label"": ""C"", ""text"": ""Oral azithromycin""}, {""label"": ""D"", ""text"": ""Intravenous aciclovir""}, {""label"": ""E"", ""text"": ""Oral doxycycline""}]",A,hard,2026-05-11T19:39:12.074616+00:00,2026-05-11T19:39:12.074616+00:00
b0cb66a9-88f3-4fc9-93d3-082a9860fd77,single_best_answer,A 28-year-old man attends the emergency department with sudden onset palpitations. He is alert and comfortable. BP is 124/76 mmHg and oxygen saturations are 98% on air. ECG shows a regular narrow-complex tachycardia at 180/min. What is the most appropriate initial management?,true,"He is stable, so try safe manoeuvres that stimulate the vagus nerve to stop the SVT before giving drugs or shocks.","{""A"": """", ""B"": ""This is a stable regular narrow-complex tachycardia, most consistent with supraventricular tachycardia. Initial management is vagal manoeuvres with monitoring. If unsuccessful, adenosine is usually used. Synchronized cardioversion is for patients with adverse features or refractory arrhythmia. Amiodarone is not first-line for uncomplicated stable SVT. Oral bisoprolol and discharge would be inappropriate before termination and assessment. Magnesium is used particularly for torsades de pointes, not typical SVT."", ""C"": """", ""D"": """", ""E"": """"}","Correct answer: B - Vagal manoeuvres with continuous ECG monitoring

This is a stable regular narrow-complex tachycardia, most consistent with supraventricular tachycardia. Initial management is vagal manoeuvres with monitoring. If unsuccessful, adenosine is usually used. Synchronized cardioversion is for patients with adverse features or refractory arrhythmia. Amiodarone is not first-line for uncomplicated stable SVT. Oral bisoprolol and discharge would be inappropriate before termination and assessment. Magnesium is used particularly for torsades de pointes, not typical SVT.

Clinical context: The Resuscitation Council UK tachycardia algorithm separates patients with adverse features from stable patients.

Guideline anchor: Resuscitation Council UK adult tachycardia algorithm

Exam tip: Stable regular narrow-complex tachycardia: vagal manoeuvres first, then adenosine if needed.","[{""label"": ""A"", ""text"": ""Synchronized DC cardioversion""}, {""label"": ""B"", ""text"": ""Vagal manoeuvres with continuous ECG monitoring""}, {""label"": ""C"", ""text"": ""Intravenous amiodarone infusion""}, {""label"": ""D"", ""text"": ""Oral bisoprolol and discharge""}, {""label"": ""E"", ""text"": ""Intravenous magnesium sulfate""}]",B,easy,2026-05-11T19:39:12.074627+00:00,2026-05-11T19:39:12.074627+00:00
6dab5bae-96d0-4c92-a48e-21a3fd6acd3a,single_best_answer,A 56-year-old woman with type 2 diabetes attends her annual review. Her blood pressure is 138/82 mmHg and eGFR is 78 mL/min/1.73 m². A urine dipstick is negative for protein. Which investigation is most appropriate to screen for early diabetic kidney disease?,true,Kidney damage from diabetes often first shows as tiny amounts of albumin in the urine. ACR detects this better than a dipstick.,"{""A"": ""Albumin:creatinine ratio is the recommended screening test for albuminuria in diabetes and can detect low-level albumin excretion that may not be found on dipstick testing. An early morning sample is preferred where practical. Twenty-four-hour urine calcium does not assess diabetic nephropathy. Renal artery Doppler is not a screening test for diabetic kidney disease. Cystatin C may estimate renal function in selected contexts but does not detect albuminuria. Urine eosinophils are not useful for diabetic nephropathy screening."", ""B"": """", ""C"": """", ""D"": """", ""E"": """"}","Correct answer: A - Early morning urine albumin:creatinine ratio

Albumin:creatinine ratio is the recommended screening test for albuminuria in diabetes and can detect low-level albumin excretion that may not be found on dipstick testing. An early morning sample is preferred where practical. Twenty-four-hour urine calcium does not assess diabetic nephropathy. Renal artery Doppler is not a screening test for diabetic kidney disease. Cystatin C may estimate renal function in selected contexts but does not detect albuminuria. Urine eosinophils are not useful for diabetic nephropathy screening.

Clinical context: UK diabetes reviews include kidney surveillance using eGFR and urine ACR to identify chronic kidney disease early.

Guideline anchor: NICE guidance on chronic kidney disease and diabetes care

Exam tip: A negative urine dipstick does not exclude moderately increased albuminuria; use urine ACR.","[{""label"": ""A"", ""text"": ""Early morning urine albumin:creatinine ratio""}, {""label"": ""B"", ""text"": ""Twenty-four-hour urine calcium excretion""}, {""label"": ""C"", ""text"": ""Renal artery Doppler ultrasound""}, {""label"": ""D"", ""text"": ""Serum cystatin C only""}, {""label"": ""E"", ""text"": ""Urine microscopy for eosinophils""}]",A,medium,2026-05-11T19:39:12.074638+00:00,2026-05-11T19:39:12.074638+00:00
0a30b671-7964-438d-b37d-bcc574f4cfc3,single_best_answer,"A 23-year-old woman is treated in the emergency department with intravenous metoclopramide for nausea during a migraine. Thirty minutes later she develops painful neck twisting, jaw spasm and upward deviation of both eyes. She is afebrile and alert. What is the most likely diagnosis?",true,Metoclopramide can suddenly cause involuntary muscle spasms because it blocks dopamine receptors.,"{""A"": ""Metoclopramide is a dopamine antagonist and can cause acute dystonic reactions, particularly in young people. Oculogyric crisis, torticollis, jaw spasm and tongue protrusion are typical. Serotonin syndrome usually includes serotonergic drug exposure, agitation, hyperreflexia, clonus and autonomic instability. Neuroleptic malignant syndrome develops over longer periods with severe rigidity, fever and raised creatine kinase. A generalised seizure would involve impaired consciousness and rhythmic convulsions. Tetanus is not temporally linked to metoclopramide and would not present so rapidly after the drug."", ""B"": """", ""C"": """", ""D"": """", ""E"": """"}","Correct answer: A - Acute dystonic reaction

Metoclopramide is a dopamine antagonist and can cause acute dystonic reactions, particularly in young people. Oculogyric crisis, torticollis, jaw spasm and tongue protrusion are typical. Serotonin syndrome usually includes serotonergic drug exposure, agitation, hyperreflexia, clonus and autonomic instability. Neuroleptic malignant syndrome develops over longer periods with severe rigidity, fever and raised creatine kinase. A generalised seizure would involve impaired consciousness and rhythmic convulsions. Tetanus is not temporally linked to metoclopramide and would not present so rapidly after the drug.

Clinical context: Drug-induced movement disorders are common iatrogenic presentations in acute care and are usually treated with an anticholinergic such as procyclidine.

Guideline anchor: BNF adverse effects of dopamine antagonist antiemetics

Exam tip: Oculogyric crisis shortly after metoclopramide or prochlorperazine strongly suggests acute dystonia.","[{""label"": ""A"", ""text"": ""Acute dystonic reaction""}, {""label"": ""B"", ""text"": ""Serotonin syndrome""}, {""label"": ""C"", ""text"": ""Neuroleptic malignant syndrome""}, {""label"": ""D"", ""text"": ""Generalised tonic-clonic seizure""}, {""label"": ""E"", ""text"": ""Tetanus""}]",A,medium,2026-05-11T19:39:12.074650+00:00,2026-05-11T19:39:12.074650+00:00
9232155c-ea18-4214-b56c-e1983fc65386,single_best_answer,A 38-year-old man who has sex with men presents with a 2-week history of a widespread rash including the palms and soles. He was treated for primary syphilis 4 years ago. Treponemal EIA and TPPA are positive. Which investigation is most useful to assess current active infection and provide a baseline for monitoring treatment response?,true,Old syphilis tests can stay positive forever. The RPR level helps show whether infection is active and whether treatment is working.,"{""A"": ""Treponemal tests such as EIA and TPPA often remain positive for life after treated syphilis, so they cannot reliably distinguish old treated infection from reinfection. A quantitative non-treponemal test such as RPR provides a titre that supports assessment of active disease and is used to monitor treatment response. Repeating TPPA adds little. IgG avidity is not standard for routine syphilis staging. HSV PCR and hepatitis B antibody testing do not assess syphilis activity."", ""B"": """", ""C"": """", ""D"": """", ""E"": """"}","Correct answer: A - Quantitative rapid plasma reagin titre

Treponemal tests such as EIA and TPPA often remain positive for life after treated syphilis, so they cannot reliably distinguish old treated infection from reinfection. A quantitative non-treponemal test such as RPR provides a titre that supports assessment of active disease and is used to monitor treatment response. Repeating TPPA adds little. IgG avidity is not standard for routine syphilis staging. HSV PCR and hepatitis B antibody testing do not assess syphilis activity.

Clinical context: Sexual health clinics use both treponemal and non-treponemal tests, with RPR or VDRL titres guiding follow-up after treatment.

Guideline anchor: British Association for Sexual Health and HIV syphilis guidance

Exam tip: Treponemal tests diagnose exposure; non-treponemal titres monitor activity and treatment response.","[{""label"": ""A"", ""text"": ""Quantitative rapid plasma reagin titre""}, {""label"": ""B"", ""text"": ""Repeat treponemal pallidum particle agglutination test""}, {""label"": ""C"", ""text"": ""Syphilis IgG avidity testing""}, {""label"": ""D"", ""text"": ""Herpes simplex virus PCR from the throat""}, {""label"": ""E"", ""text"": ""Hepatitis B surface antibody level""}]",A,hard,2026-05-11T19:39:12.074661+00:00,2026-05-11T19:39:12.074661+00:00
540025b4-4e78-4f21-9003-da7ff2091a12,single_best_answer,"A 66-year-old woman is admitted with severe urosepsis. She develops oozing from venepuncture sites. Blood tests show platelets 32 x 10^9/L (150-400), PT 24 seconds (11-14), APTT 58 seconds (25-35), fibrinogen 0.7 g/L (1.5-4.0) and D-dimer markedly raised. What is the most appropriate management?",true,"Her clotting system is overactivated and has used up platelets and fibrinogen, so she bleeds. Treat the infection and replace what has been used up.","{""A"": ""This patient has sepsis-associated DIC with active bleeding, thrombocytopenia, prolonged clotting times, low fibrinogen and high D-dimer. Management is treatment of the underlying sepsis plus supportive transfusion guided by bleeding and results, including platelets, FFP and cryoprecipitate or fibrinogen replacement when fibrinogen is low. Heparin may be considered in selected predominantly thrombotic DIC but is not the sole treatment for active bleeding. Vitamin K alone does not address consumption coagulopathy. Aspirin would worsen bleeding. Waiting until platelets are below 10 is inappropriate in active bleeding."", ""B"": """", ""C"": """", ""D"": """", ""E"": """"}","Correct answer: A - Treat the sepsis and give appropriate blood product support for bleeding, including cryoprecipitate or fibrinogen replacement

This patient has sepsis-associated DIC with active bleeding, thrombocytopenia, prolonged clotting times, low fibrinogen and high D-dimer. Management is treatment of the underlying sepsis plus supportive transfusion guided by bleeding and results, including platelets, FFP and cryoprecipitate or fibrinogen replacement when fibrinogen is low. Heparin may be considered in selected predominantly thrombotic DIC but is not the sole treatment for active bleeding. Vitamin K alone does not address consumption coagulopathy. Aspirin would worsen bleeding. Waiting until platelets are below 10 is inappropriate in active bleeding.

Clinical context: DIC is usually secondary to a major trigger such as sepsis, trauma, malignancy or obstetric catastrophe.

Guideline anchor: British Society for Haematology guidance on DIC principles

Exam tip: In DIC, always treat the underlying cause; give blood products when there is bleeding or a high-risk procedure.","[{""label"": ""A"", ""text"": ""Treat the sepsis and give appropriate blood product support for bleeding, including cryoprecipitate or fibrinogen replacement""}, {""label"": ""B"", ""text"": ""Start therapeutic-dose low molecular weight heparin as the only treatment""}, {""label"": ""C"", ""text"": ""Give vitamin K and discharge once the PT improves""}, {""label"": ""D"", ""text"": ""Give aspirin to prevent microvascular thrombosis""}, {""label"": ""E"", ""text"": ""Avoid all transfusion until the platelet count is below 10 x 10^9/L""}]",A,medium,2026-05-11T19:39:12.074672+00:00,2026-05-11T19:39:12.074672+00:00
f9954ca7-4200-47d1-a3da-5f4b65c3cb4e,single_best_answer,A 69-year-old retired pipe lagger presents with gradually progressive breathlessness and a dry cough. He has fine bibasal crackles. Chest x-ray shows bilateral pleural plaques and lower-zone reticular shadowing. What is the most likely diagnosis?,true,Past asbestos exposure can scar the lower parts of the lungs and cause pleural plaques on imaging.,"{""A"": ""Pipe lagging is a classic asbestos exposure. Pleural plaques strongly indicate prior asbestos exposure, and lower-zone reticular shadowing with bibasal crackles supports asbestosis. Coal workers' pneumoconiosis and silicosis more typically cause upper-zone nodular disease related to coal dust or silica exposure. Hypersensitivity pneumonitis is linked to organic antigen exposure and often has episodic symptoms. Sarcoidosis more commonly causes bilateral hilar lymphadenopathy and upper-zone involvement."", ""B"": """", ""C"": """", ""D"": """", ""E"": """"}","Correct answer: A - Asbestosis

Pipe lagging is a classic asbestos exposure. Pleural plaques strongly indicate prior asbestos exposure, and lower-zone reticular shadowing with bibasal crackles supports asbestosis. Coal workers' pneumoconiosis and silicosis more typically cause upper-zone nodular disease related to coal dust or silica exposure. Hypersensitivity pneumonitis is linked to organic antigen exposure and often has episodic symptoms. Sarcoidosis more commonly causes bilateral hilar lymphadenopathy and upper-zone involvement.

Clinical context: Asbestos-related disease may present decades after exposure and includes pleural plaques, asbestosis, lung cancer and mesothelioma.

Guideline anchor: standard UK respiratory and occupational medicine practice

Exam tip: Pleural plaques plus basal fibrosis in a former asbestos worker points to asbestosis.","[{""label"": ""A"", ""text"": ""Asbestosis""}, {""label"": ""B"", ""text"": ""Coal workers' pneumoconiosis""}, {""label"": ""C"", ""text"": ""Silicosis""}, {""label"": ""D"", ""text"": ""Hypersensitivity pneumonitis""}, {""label"": ""E"", ""text"": ""Pulmonary sarcoidosis""}]",A,easy,2026-05-11T19:39:12.074685+00:00,2026-05-11T19:39:12.074685+00:00
